ID OMM station;Date;Pression au niveau mer;Variation de pression en 3 heures;Type de tendance barométrique;Direction du vent moyen 10 mn;Vitesse du vent moyen 10 mn;Température;Point de rosée;Humidité;Visibilité horizontale;Temps présent;Temps passé 1;Temps passé 2;Nebulosité totale;Nébulosité  des nuages de l' étage inférieur;Hauteur de la base des nuages de l'étage inférieur;Type des nuages de l'étage inférieur;Type des nuages de l'étage moyen;Type des nuages de l'étage supérieur;Pression station;Niveau barométrique;Géopotentiel;Variation de pression en 24 heures;Température minimale sur 12 heures;Température minimale sur 24 heures;Température maximale sur 12 heures;Température maximale sur 24 heures;Température minimale du sol sur 12 heures;Méthode de mesure Température du thermomètre mouillé;Température du thermomètre mouillé;Rafale sur les 10 dernières minutes;Rafales sur une période;Periode de mesure de la rafale;Etat du sol;Hauteur totale de la couche de neige, glace, autre au sol;Hauteur de la neige fraîche;Periode de mesure de la neige fraiche;Précipitations dans la dernière heure;Précipitations dans les 3 dernières heures;Précipitations dans les 6 dernières heures;Précipitations dans les 12 dernières heures;Précipitations dans les 24 dernières heures;Phénomène spécial 1;Phénomène spécial 2;Phénomène spécial 3;Phénomène spécial 4;Nébulosité couche nuageuse 1;Type nuage 1;Hauteur de base 1;Nébulosité couche nuageuse 2;Type nuage 2;Hauteur de base 2;Nébulosité couche nuageuse 3;Type nuage 3;Hauteur de base 3;Nébulosité couche nuageuse 4;Type nuage 4;Hauteur de base 4;Coordonnees;Nom;Type de tendance barométrique;Temps passé 1;Temps présent
7690;2018-05-14T02:00:00+02:00;100770;-30;8;100;2.9;284.65;281.55;81;25000;61;Averse(s);6;90;7;800;38;;;100460;;;-610;;;;;284.650000;;;4.200000;7.000000;-10;2;0.000000;;;1.2;8.1;8.100000;16.9;18.3;;;;;7;6;;;;;;;;;;;43.648833, 7.209;NICE;8;Averse(s);61
7690;2018-05-14T05:00:00+02:00;100760;-10;5;320;1.5;284.35;282.25;87;25000;61;Orage(s) avec ou sans précipitations;6;90;7;450;39;;;100450;;;-490;;;;;284.250000;;;2.200000;9.400000;-10;2;0.000000;;;1.0;10.3;18.400000;19.2;28.6;;;;;7;6;;1;9;;;;;;;;43.648833, 7.209;NICE;5;Orage(s) avec ou sans précipitations;61
7690;2018-05-14T08:00:00+02:00;100850;90;3;320;3.6;283.95;282.25;89;20000;61;Pluie;6;90;7;450;38;;;100540;;;-360;283.550000;;287.250000;;284.250000;;;4.900000;4.900000;-10;2;0.000000;;;1.4;3.6;13.900000;22.0;32.2;;;;;7;6;;;;;;;;;;;43.648833, 7.209;NICE;3;Pluie;61
7690;2018-05-14T11:00:00+02:00;100960;110;3;270;1.3;285.05;280.95;76;12000;63;Pluie;6;90;7;450;38;;;100650;;;-180;;;;;284.250000;;;2.400000;4.300000;-10;2;0.000000;;;0.2;0.8;4.400000;22.8;33.0;;;;;7;6;;;;;;;;;;;43.648833, 7.209;NICE;3;Pluie;63
7690;2018-05-14T14:00:00+02:00;101110;150;1;70;0.9;285.85;280.75;71;50000;1;Nuages couvrant plus de la moitié du ciel pendant toute la période considérée;2;75;6;800;38;20;10;100800;;;0;;;;;284.250000;;;2.000000;4.000000;-10;2;0.000000;;;0.0;5.0;5.800000;19.7;36.6;;;;;6;6;;;;;;;;;;;43.648833, 7.209;NICE;1;Nuages couvrant plus de la moitié du ciel pendant toute la période considérée;1
7690;2018-05-14T17:00:00+02:00;101180;70;3;100;3.1;287.55;281.25;66;50000;1;Nuages couvrant plus de la moitié du ciel pendant toute la période considérée;2;75;3;800;38;23;11;100870;;;280;;;;;284.550000;;;4.200000;4.300000;-10;2;0.000000;;;0.0;0.0;5.000000;9.4;28.6;;;;;2;6;;3;3;;2;0;;;;;43.648833, 7.209;NICE;3;Nuages couvrant plus de la moitié du ciel pendant toute la période considérée;1
7690;2018-05-14T20:00:00+02:00;101250;70;2;310;1.9;286.75;282.55;76;50000;15;Nuages couvrant plus de la moitié du ciel pendant toute la période considérée;2;90;7;800;35;;;100940;;;450;283.850000;;288.150000;;285.450000;;;2.800000;4.900000;-10;2;0.000000;;;0.0;0.0;0.000000;5.8;27.8;;;;;6;6;;;;;;;;;;;43.648833, 7.209;NICE;2;Nuages couvrant plus de la moitié du ciel pendant toute la période considérée;15
7690;2018-05-14T23:00:00+02:00;101330;80;3;310;2.5;285.85;283.05;83;50000;3;Nuages couvrant plus de la moitié du ciel pendant toute la période considérée;2;75;6;800;35;20;10;101020;;;530;;;;;285.450000;;;2.900000;5.700000;-10;2;0.000000;;;0.0;0.0;0.000000;5.0;27.8;;;;;5;6;;6;6;;;;;;;;43.648833, 7.209;NICE;3;Nuages couvrant plus de la moitié du ciel pendant toute la période considérée;3
7690;2018-05-15T02:00:00+02:00;101250;-80;8;340;3.2;284.25;282.15;87;50000;3;Nuages couvrant plus de la moitié du ciel pendant une partie de la période considérée et couvrant la moitié du ciel, ou moins, pendant l’autre partie;1;50;4;800;35;20;10;100940;;;480;;;;;284.750000;;;4.000000;4.600000;-10;2;0.000000;;;0.0;0.0;0.000000;0.0;19.7;;;;;4;6;;;;;;;;;;;43.648833, 7.209;NICE;8;Nuages couvrant plus de la moitié du ciel pendant une partie de la période considérée et couvrant la moitié du ciel, ou moins, pendant l’autre partie;3
7690;2018-05-15T05:00:00+02:00;101090;-160;8;330;3.5;283.45;281.25;86;50000;1;Nuages ne couvrant pas plus de la moitié du ciel pendant toute la période considérée;0;0;0;;30;20;10;100780;;;330;;;;;283.550000;;;4.500000;4.800000;-10;0;0.000000;;;0.0;0.0;0.000000;0.0;9.4;;;;;;;;;;;;;;;;;43.648833, 7.209;NICE;8;Nuages ne couvrant pas plus de la moitié du ciel pendant toute la période considérée;1
7690;2018-05-15T08:00:00+02:00;101080;-10;0;340;2.9;285.15;281.45;78;50000;2;Nuages ne couvrant pas plus de la moitié du ciel pendant toute la période considérée;0;25;1;800;35;20;11;100770;;;230;283.150000;;286.950000;;283.250000;;;3.900000;5.600000;-10;0;0.000000;;;0.0;0.0;0.000000;0.0;5.8;;;;;2;0;;;;;;;;;;;43.648833, 7.209;NICE;0;Nuages ne couvrant pas plus de la moitié du ciel pendant toute la période considérée;2
7690;2018-05-15T11:00:00+02:00;101070;-10;6;130;2.4;288.65;282.75;68;50000;2;Nuages ne couvrant pas plus de la moitié du ciel pendant toute la période considérée;0;40;3;1250;35;20;11;100760;;;110;;;;;283.250000;;;3.200000;3.700000;-10;0;0.000000;;;0.0;0.0;0.000000;0.0;5.0;;;;;1;0;;;;;;;;;;;43.648833, 7.209;NICE;6;Nuages ne couvrant pas plus de la moitié du ciel pendant toute la période considérée;2
7690;2018-05-15T14:00:00+02:00;101090;20;0;110;3.7;289.35;283.85;70;50000;2;Nuages couvrant plus de la moitié du ciel pendant toute la période considérée;2;60;3;800;35;23;11;100780;;;-20;;;;;283.250000;;;5.600000;5.600000;-10;0;0.000000;;;0.0;0.0;0.000000;0.0;0.0;;;;;5;3;;1;0;;;;;;;;43.648833, 7.209;NICE;0;Nuages couvrant plus de la moitié du ciel pendant toute la période considérée;2
7690;2018-05-15T17:00:00+02:00;101080;-10;0;100;6.8;289.25;283.95;71;50000;1;Nuages ne couvrant pas plus de la moitié du ciel pendant toute la période considérée;0;50;3;800;35;23;11;100770;;;-100;;;;;283.250000;;;8.100000;8.100000;-10;0;0.000000;;;0.0;0.0;0.000000;0.0;0.0;;;;;2;3;;1;0;;;;;;;;43.648833, 7.209;NICE;0;Nuages ne couvrant pas plus de la moitié du ciel pendant toute la période considérée;1
7690;2018-05-15T20:00:00+02:00;101140;60;1;130;1.4;288.85;283.35;70;50000;2;Nuages couvrant plus de la moitié du ciel pendant toute la période considérée;2;100;7;800;35;;;100830;;;-110;285.150000;;289.750000;;288.150000;;;2.200000;2.900000;-10;0;0.000000;;;0.0;0.0;0.000000;0.0;0.0;;;;;6;6;;;;;;;;;;;43.648833, 7.209;NICE;1;Nuages couvrant plus de la moitié du ciel pendant toute la période considérée;2
7690;2018-05-15T23:00:00+02:00;101300;160;2;70;4.5;288.55;284.15;75;30000;17;Orage(s) avec ou sans précipitations;9;90;6;800;39;;;100990;;;-30;;;;;288.850000;;;5.600000;5.600000;-10;0;0.000000;;;0.0;0.0;0.000000;0.0;0.0;;;;;5;6;;1;9;;;;;;;;43.648833, 7.209;NICE;2;Orage(s) avec ou sans précipitations;17
7690;2018-05-16T02:00:00+02:00;101320;20;0;10;1.0;287.95;284.35;79;30000;2;Nuages couvrant plus de la moitié du ciel pendant toute la période considérée;2;90;3;;35;23;;101010;;;70;;;;;288.150000;;;1.600000;3.400000;-10;0;0.000000;;;0.0;0.0;0.000000;0.0;0.0;;;;;5;3;;;;;;;;;;;43.648833, 7.209;NICE;0;Nuages couvrant plus de la moitié du ciel pendant toute la période considérée;2
7690;2018-05-16T05:00:00+02:00;101300;-20;6;330;2.7;287.85;284.25;79;55740;0;Nuages couvrant plus de la moitié du ciel pendant toute la période considérée;2;100;8;800;;;;100990;;;210;;;;;288.050000;;;3.500000;3.500000;-10;;0.000000;;;0.0;0.0;0.000000;0.0;0.0;;;;;8;;;;;;;;;;;;43.648833, 7.209;NICE;6;Nuages couvrant plus de la moitié du ciel pendant toute la période considérée;0
7690;2018-05-16T08:00:00+02:00;101390;90;3;30;2.2;288.85;284.65;76;30000;2;Nuages couvrant plus de la moitié du ciel pendant toute la période considérée;2;90;7;800;35;;;101080;;;310;287.550000;;288.850000;;287.950000;;;3.400000;3.400000;-10;0;0.000000;;;0.0;0.0;0.000000;0.0;0.0;;;;;7;6;;;;;;;;;;;43.648833, 7.209;NICE;3;Nuages couvrant plus de la moitié du ciel pendant toute la période considérée;2
7690;2018-05-16T11:00:00+02:00;101450;60;2;110;2.4;290.25;285.35;73;30000;1;Nuages couvrant plus de la moitié du ciel pendant toute la période considérée;2;90;7;450;38;;;101140;;;380;;;;;287.950000;;;3.000000;3.700000;-10;0;0.000000;;;0.0;0.0;0.000000;0.0;0.0;;;;;7;6;;;;;;;;;;;43.648833, 7.209;NICE;2;Nuages couvrant plus de la moitié du ciel pendant toute la période considérée;1
7690;2018-05-16T14:00:00+02:00;101450;0;0;130;3.7;291.45;285.85;70;30000;1;Nuages couvrant plus de la moitié du ciel pendant toute la période considérée;2;60;3;800;38;20;12;101140;;;360;;;;;287.950000;;;4.700000;5.000000;-10;0;0.000000;;;0.0;0.0;0.000000;0.0;0.0;;;;;2;6;;4;0;;;;;;;;43.648833, 7.209;NICE;0;Nuages couvrant plus de la moitié du ciel pendant toute la période considérée;1
7690;2018-05-16T17:00:00+02:00;101460;10;3;70;2.2;290.55;286.25;76;30000;3;Nuages couvrant plus de la moitié du ciel pendant toute la période considérée;2;90;4;800;39;26;;101150;;;380;;;;;287.950000;;;2.900000;5.300000;-10;0;0.000000;;;0.0;0.0;0.000000;0.0;0.0;;;;;2;6;;7;3;;1;9;;;;;43.648833, 7.209;NICE;3;Nuages couvrant plus de la moitié du ciel pendant toute la période considérée;3
7690;2018-05-16T20:00:00+02:00;101360;-100;8;320;1.6;290.35;284.85;70;20000;1;Nuages couvrant plus de la moitié du ciel pendant toute la période considérée;2;75;1;450;31;27;;101050;;;220;288.350000;;291.650000;;289.250000;;;2.200000;3.100000;-10;0;0.000000;;;0.0;-0.1;-0.100000;-0.1;-0.1;;;;;5;3;;;;;;;;;;;43.648833, 7.209;NICE;8;Nuages couvrant plus de la moitié du ciel pendant toute la période considérée;1
7690;2018-05-16T23:00:00+02:00;101480;120;3;320;2.9;287.65;284.95;84;20000;2;Nuages ne couvrant pas plus de la moitié du ciel pendant toute la période considérée;0;10;1;450;35;20;10;101170;;;180;;;;;287.650000;;;3.800000;4.500000;-10;0;0.000000;;;0.0;0.0;-0.100000;-0.1;-0.1;;;;;;;;;;;;;;;;;43.648833, 7.209;NICE;3;Nuages ne couvrant pas plus de la moitié du ciel pendant toute la période considérée;2
7690;2018-05-17T02:00:00+02:00;101490;10;0;330;4.2;286.65;283.45;81;20000;2;Nuages couvrant plus de la moitié du ciel pendant une partie de la période considérée et couvrant la moitié du ciel, ou moins, pendant l’autre partie;1;60;3;1250;35;27;10;101180;;;170;;;;;286.550000;;;5.400000;5.600000;-10;0;0.000000;;;0.0;0.0;0.000000;-0.1;-0.1;;;;;4;3;;;;;;;;;;;43.648833, 7.209;NICE;0;Nuages couvrant plus de la moitié du ciel pendant une partie de la période considérée et couvrant la moitié du ciel, ou moins, pendant l’autre partie;2
7690;2018-05-17T05:00:00+02:00;101430;-60;5;340;3.7;286.45;282.65;78;20000;1;Nuages couvrant plus de la moitié du ciel pendant une partie de la période considérée et couvrant la moitié du ciel, ou moins, pendant l’autre partie;1;40;2;1250;35;25;;101120;;;130;;;;;285.650000;;;4.800000;5.400000;-10;0;0.000000;;;0.0;0.0;0.000000;-0.1;-0.1;;;;;2;3;;;;;;;;;;;43.648833, 7.209;NICE;5;Nuages couvrant plus de la moitié du ciel pendant une partie de la période considérée et couvrant la moitié du ciel, ou moins, pendant l’autre partie;1
7690;2018-05-17T08:00:00+02:00;101550;120;1;340;3.3;287.55;282.75;73;60000;0;Nuages couvrant plus de la moitié du ciel pendant toute la période considérée;2;100;5;1250;;;;101240;;;160;286.450000;;290.350000;;285.650000;;;5.200000;5.400000;-10;;0.000000;;;0.0;0.0;0.000000;0.0;-0.1;;;;;8;;;;;;;;;;;;43.648833, 7.209;NICE;1;Nuages couvrant plus de la moitié du ciel pendant toute la période considérée;0
7690;2018-05-17T11:00:00+02:00;101560;10;0;180;2.3;291.65;284.45;63;40000;2;Nuages couvrant plus de la moitié du ciel pendant toute la période considérée;2;90;7;800;38;;;101250;;;110;;;;;285.650000;;;3.100000;4.300000;-10;0;0.000000;;;0.0;0.0;0.000000;0.0;-0.1;;;;;5;6;;;;;;;;;;;43.648833, 7.209;NICE;0;Nuages couvrant plus de la moitié du ciel pendant toute la période considérée;2
7690;2018-05-17T14:00:00+02:00;101620;60;3;120;3.4;292.35;286.55;69;40000;2;Nuages ne couvrant pas plus de la moitié du ciel pendant toute la période considérée;0;50;4;800;39;20;10;101310;;;170;;;;;285.650000;;;4.100000;4.800000;-10;0;0.000000;;;0.0;0.0;0.000000;0.0;-0.1;;;;;3;6;;1;9;;;;;;;;43.648833, 7.209;NICE;3;Nuages ne couvrant pas plus de la moitié du ciel pendant toute la période considérée;2
7690;2018-05-17T17:00:00+02:00;101520;-100;6;150;2.8;292.15;287.15;73;40000;2;Nuages ne couvrant pas plus de la moitié du ciel pendant toute la période considérée;0;40;3;;32;20;10;101210;;;60;;;;;285.650000;;;3.600000;4.400000;-10;0;0.000000;;;0.0;0.0;0.000000;0.0;-0.1;;;;;2;6;;;;;;;;;;;43.648833, 7.209;NICE;6;Nuages ne couvrant pas plus de la moitié du ciel pendant toute la période considérée;2
7690;2018-05-17T20:00:00+02:00;101550;30;3;120;2.1;291.45;286.95;75;57600;0;Nuages ne couvrant pas plus de la moitié du ciel pendant toute la période considérée;0;;0;;;;;101240;;;190;287.650000;;292.850000;;287.850000;;;2.600000;2.800000;-10;;0.000000;;;0.0;0.0;0.000000;0.0;0.0;;;;;;;;;;;;;;;;;43.648833, 7.209;NICE;3;Nuages ne couvrant pas plus de la moitié du ciel pendant toute la période considérée;0
7690;2018-05-17T23:00:00+02:00;101690;140;1;100;0.9;290.35;286.25;77;25000;1;Nuages couvrant plus de la moitié du ciel pendant toute la période considérée;2;75;6;;35;20;10;101380;;;210;;;;;289.950000;;;1.500000;1.500000;-10;0;0.000000;;;0.0;0.0;0.000000;0.0;0.0;;;;;4;6;;;;;;;;;;;43.648833, 7.209;NICE;1;Nuages couvrant plus de la moitié du ciel pendant toute la période considérée;1
7690;2018-05-18T02:00:00+02:00;101680;-10;0;350;1.2;289.55;286.05;80;25000;3;Nuages ne couvrant pas plus de la moitié du ciel pendant toute la période considérée;0;50;4;800;35;20;10;101370;;;190;;;;;289.050000;;;2.100000;2.900000;-10;0;0.000000;;;0.0;0.0;0.000000;0.0;0.0;;;;;;;;;;;;;;;;;43.648833, 7.209;NICE;0;Nuages ne couvrant pas plus de la moitié du ciel pendant toute la période considérée;3
7690;2018-05-18T05:00:00+02:00;101610;-70;5;30;1.9;288.75;284.95;78;25000;2;Nuages ne couvrant pas plus de la moitié du ciel pendant toute la période considérée;0;0;0;;30;20;10;101300;;;180;;;;;287.450000;;;3.000000;4.100000;-10;0;0.000000;;;0.0;0.0;0.000000;0.0;0.0;;;;;;;;;;;;;;;;;43.648833, 7.209;NICE;5;Nuages ne couvrant pas plus de la moitié du ciel pendant toute la période considérée;2
7690;2018-05-18T08:00:00+02:00;101660;50;2;340;3.3;290.05;284.15;68;40000;3;Nuages ne couvrant pas plus de la moitié du ciel pendant toute la période considérée;0;10;1;800;35;20;10;101350;;;110;288.050000;;291.350000;;287.150000;;;4.600000;5.500000;-10;0;0.000000;;;0.0;0.0;0.000000;0.0;0.0;;;;;;;;;;;;;;;;;43.648833, 7.209;NICE;2;Nuages ne couvrant pas plus de la moitié du ciel pendant toute la période considérée;3
7690;2018-05-18T11:00:00+02:00;101660;0;5;160;4.5;291.65;287.55;77;40000;3;Nuages ne couvrant pas plus de la moitié du ciel pendant toute la période considérée;0;10;1;800;38;20;10;101350;;;100;;;;;287.150000;;;5.200000;5.200000;-10;0;0.000000;;;0.0;0.0;0.000000;0.0;0.0;;;;;1;6;;;;;;;;;;;43.648833, 7.209;NICE;5;Nuages ne couvrant pas plus de la moitié du ciel pendant toute la période considérée;3
7690;2018-05-18T14:00:00+02:00;101660;0;0;170;3.1;293.15;287.95;72;40000;3;Nuages ne couvrant pas plus de la moitié du ciel pendant toute la période considérée;0;25;2;800;38;26;10;101350;;;40;;;;;287.150000;;;3.800000;3.900000;-10;0;0.000000;;;0.0;0.0;0.000000;0.0;0.0;;;;;1;6;;1;3;;;;;;;;43.648833, 7.209;NICE;0;Nuages ne couvrant pas plus de la moitié du ciel pendant toute la période considérée;3
7690;2018-05-18T17:00:00+02:00;101560;-90;6;190;2.2;293.65;286.85;65;40000;1;Nuages ne couvrant pas plus de la moitié du ciel pendant toute la période considérée;0;50;2;800;39;26;12;101260;;;50;;;;;287.150000;;;3.200000;4.200000;-10;0;0.000000;;;0.0;0.0;0.000000;0.0;0.0;;;;;1;3;;2;0;;1;9;;;;;43.648833, 7.209;NICE;6;Nuages ne couvrant pas plus de la moitié du ciel pendant toute la période considérée;1
7690;2018-05-18T20:00:00+02:00;101530;-40;8;190;1.8;293.05;287.85;72;40000;1;Nuages couvrant plus de la moitié du ciel pendant toute la période considérée;2;75;2;;38;23;11;101220;;;-20;290.050000;;294.150000;;293.250000;;;2.200000;3.800000;-10;0;0.000000;;;0.0;0.0;0.000000;0.0;0.0;;;;;1;3;;3;0;;;;;;;;43.648833, 7.209;NICE;8;Nuages couvrant plus de la moitié du ciel pendant toute la période considérée;1
7690;2018-05-18T23:00:00+02:00;101560;30;3;330;3.3;292.95;284.95;60;40000;1;Nuages ne couvrant pas plus de la moitié du ciel pendant toute la période considérée;0;25;1;;35;20;11;101250;;;-130;;;;;291.350000;;;4.500000;5.200000;-10;0;0.000000;;;0.0;0.0;0.000000;0.0;0.0;;;;;2;0;;;;;;;;;;;43.648833, 7.209;NICE;3;Nuages ne couvrant pas plus de la moitié du ciel pendant toute la période considérée;1
7690;2018-05-19T02:00:00+02:00;101530;-30;8;30;2.5;292.25;285.25;64;40000;1;Nuages couvrant plus de la moitié du ciel pendant toute la période considérée;2;90;2;;30;23;11;101220;;;-150;;;;;290.450000;;;2.900000;5.200000;-10;0;0.000000;;;0.0;0.0;0.000000;0.0;0.0;;;;;5;0;;;;;;;;;;;43.648833, 7.209;NICE;8;Nuages couvrant plus de la moitié du ciel pendant toute la période considérée;1
7690;2018-05-19T05:00:00+02:00;101480;-50;6;350;0.6;290.55;285.45;72;40000;1;Nuages ne couvrant pas plus de la moitié du ciel pendant toute la période considérée;0;40;3;;30;23;10;101170;;;-130;;;;;289.250000;;;1.200000;2.500000;-10;0;0.000000;;;0.0;0.0;0.000000;0.0;0.0;;;;;;;;;;;;;;;;;43.648833, 7.209;NICE;6;Nuages ne couvrant pas plus de la moitié du ciel pendant toute la période considérée;1
7690;2018-05-19T08:00:00+02:00;101560;80;3;0;0.0;291.45;285.45;68;40000;3;Nuages ne couvrant pas plus de la moitié du ciel pendant toute la période considérée;0;40;3;;30;27;10;101250;;;-100;290.050000;;293.850000;;289.150000;;;0.900000;2.900000;-10;0;0.000000;;;0.0;0.0;0.000000;0.0;0.0;;;;;2;3;;;;;;;;;;;43.648833, 7.209;NICE;3;Nuages ne couvrant pas plus de la moitié du ciel pendant toute la période considérée;3
7690;2018-05-19T11:00:00+02:00;101620;60;2;150;2.5;293.15;287.05;68;50000;3;Nuages ne couvrant pas plus de la moitié du ciel pendant toute la période considérée;0;25;1;1750;31;27;10;101310;;;-40;;;;;289.150000;;;3.100000;3.300000;-10;0;0.000000;;;0.0;0.0;0.000000;0.0;0.0;;;;;2;3;;;;;;;;;;;43.648833, 7.209;NICE;2;Nuages ne couvrant pas plus de la moitié du ciel pendant toute la période considérée;3
7690;2018-05-19T14:00:00+02:00;101590;-20;8;140;2.5;293.85;288.85;73;50000;2;Nuages ne couvrant pas plus de la moitié du ciel pendant toute la période considérée;0;40;2;1250;32;27;10;101290;;;-60;;;;;289.150000;;;3.100000;3.100000;-10;0;0.000000;;;0.0;0.0;0.000000;0.0;0.0;;;;;1;8;;1;3;;;;;;;;43.648833, 7.209;NICE;8;Nuages ne couvrant pas plus de la moitié du ciel pendant toute la période considérée;2
7690;2018-05-19T17:00:00+02:00;101510;-80;8;190;2.2;295.15;287.55;62;50000;2;Nuages ne couvrant pas plus de la moitié du ciel pendant toute la période considérée;0;40;1;1250;32;27;11;101210;;;-50;;;;;289.150000;;;2.900000;2.900000;-10;0;0.000000;;;0.0;0.0;0.000000;0.0;0.0;;;;;3;3;;1;0;;;;;;;;43.648833, 7.209;NICE;8;Nuages ne couvrant pas plus de la moitié du ciel pendant toute la période considérée;2
7690;2018-05-19T20:00:00+02:00;101410;-100;6;180;2.3;295.75;284.45;49;50000;1;Nuages ne couvrant pas plus de la moitié du ciel pendant toute la période considérée;0;10;1;2250;35;20;13;101110;;;-110;291.450000;;295.950000;;292.850000;;;2.900000;5.600000;-10;0;0.000000;;;0.0;0.0;0.000000;0.0;0.0;;;;;1;0;;;;;;;;;;;43.648833, 7.209;NICE;6;Nuages ne couvrant pas plus de la moitié du ciel pendant toute la période considérée;1
7690;2018-05-19T23:00:00+02:00;101530;110;3;330;3.7;293.05;285.05;60;40000;2;Nuages ne couvrant pas plus de la moitié du ciel pendant toute la période considérée;0;0;0;;30;20;10;101220;;;-30;;;;;291.650000;;;5.100000;6.100000;-10;0;0.000000;;;0.0;0.0;0.000000;0.0;0.0;;;;;;;;;;;;;;;;;43.648833, 7.209;NICE;3;Nuages ne couvrant pas plus de la moitié du ciel pendant toute la période considérée;2
7690;2018-05-20T02:00:00+02:00;101560;30;0;340;3.6;291.05;284.65;66;40000;2;Nuages ne couvrant pas plus de la moitié du ciel pendant toute la période considérée;0;0;0;;30;20;10;101250;;;30;;;;;290.050000;;;4.900000;4.900000;-10;0;0.000000;;;0.0;0.0;0.000000;0.0;0.0;;;;;;;;;;;;;;;;;43.648833, 7.209;NICE;0;Nuages ne couvrant pas plus de la moitié du ciel pendant toute la période considérée;2
7690;2018-05-20T05:00:00+02:00;101470;-90;6;340;3.9;290.15;283.55;65;40000;2;Nuages ne couvrant pas plus de la moitié du ciel pendant toute la période considérée;0;0;0;;30;20;10;101160;;;-10;;;;;288.850000;;;5.600000;6.600000;-10;0;0.000000;;;0.0;0.0;0.000000;0.0;0.0;;;;;;;;;;;;;;;;;43.648833, 7.209;NICE;6;Nuages ne couvrant pas plus de la moitié du ciel pendant toute la période considérée;2
7690;2018-05-20T08:00:00+02:00;101500;30;2;340;3.8;291.65;283.25;58;36310;0;Nuages ne couvrant pas plus de la moitié du ciel pendant toute la période considérée;0;;0;;;;;101190;;;-60;289.850000;;295.750000;;288.650000;;;4.800000;7.400000;-10;;0.000000;;;0.0;0.0;0.000000;0.0;0.0;;;;;;;;;;;;;;;;;43.648833, 7.209;NICE;2;Nuages ne couvrant pas plus de la moitié du ciel pendant toute la période considérée;0
7690;2018-05-20T11:00:00+02:00;101500;10;2;140;3.7;293.65;288.45;72;40000;3;Nuages ne couvrant pas plus de la moitié du ciel pendant toute la période considérée;0;10;1;1250;31;20;11;101200;;;-110;;;;;288.650000;;;4.300000;4.300000;-10;0;0.000000;;;0.0;0.0;0.000000;0.0;0.0;;;;;1;0;;;;;;;;;;;43.648833, 7.209;NICE;2;Nuages ne couvrant pas plus de la moitié du ciel pendant toute la période considérée;3
7690;2018-05-20T14:00:00+02:00;101480;-20;8;120;1.4;294.25;289.05;72;40000;2;Nuages ne couvrant pas plus de la moitié du ciel pendant toute la période considérée;0;10;1;1250;32;20;13;101180;;;-110;;;;;288.650000;;;2.100000;3.700000;-10;0;0.000000;;;0.0;0.0;0.000000;0.0;0.0;;;;;1;0;;;;;;;;;;;43.648833, 7.209;NICE;8;Nuages ne couvrant pas plus de la moitié du ciel pendant toute la période considérée;2
7690;2018-05-20T17:00:00+02:00;101300;-180;8;190;2.5;295.55;288.65;65;40000;1;Nuages ne couvrant pas plus de la moitié du ciel pendant toute la période considérée;0;10;1;1250;32;20;11;101000;;;-210;;;;;288.650000;;;3.300000;3.800000;-10;0;0.000000;;;0.0;0.0;0.000000;0.0;0.0;;;;;1;0;;;;;;;;;;;43.648833, 7.209;NICE;8;Nuages ne couvrant pas plus de la moitié du ciel pendant toute la période considérée;1
7690;2018-05-20T20:00:00+02:00;101310;10;3;210;2.0;294.55;289.05;71;40000;2;Nuages ne couvrant pas plus de la moitié du ciel pendant toute la période considérée;0;10;1;1250;32;20;11;101010;;;-100;291.750000;;296.250000;;294.650000;;;3.000000;3.300000;-10;0;0.000000;;;0.0;0.0;0.000000;0.0;0.0;;;;;1;0;;;;;;;;;;;43.648833, 7.209;NICE;3;Nuages ne couvrant pas plus de la moitié du ciel pendant toute la période considérée;2
7690;2018-05-20T23:00:00+02:00;101390;80;2;330;4.2;293.25;284.45;57;40000;2;Nuages ne couvrant pas plus de la moitié du ciel pendant toute la période considérée;0;10;1;1250;32;20;11;101090;;;-130;;;;;292.150000;;;5.400000;5.900000;-10;0;0.000000;;;0.0;0.0;0.000000;0.0;0.0;;;;;1;0;;;;;;;;;;;43.648833, 7.209;NICE;2;Nuages ne couvrant pas plus de la moitié du ciel pendant toute la période considérée;2
7690;2018-05-21T02:00:00+02:00;101350;-50;8;340;4.2;292.35;283.65;57;40000;2;Nuages ne couvrant pas plus de la moitié du ciel pendant toute la période considérée;0;10;1;1250;32;20;11;101040;;;-210;;;;;290.750000;;;5.600000;6.900000;-10;0;0.000000;;;0.0;0.0;0.000000;0.0;0.0;;;;;1;0;;;;;;;;;;;43.648833, 7.209;NICE;8;Nuages ne couvrant pas plus de la moitié du ciel pendant toute la période considérée;2
7690;2018-05-21T05:00:00+02:00;101260;-90;6;330;7.0;291.05;282.65;58;40000;2;Nuages ne couvrant pas plus de la moitié du ciel pendant toute la période considérée;0;0;0;;30;20;10;100950;;;-210;;;;;289.450000;;;8.600000;8.600000;-10;0;0.000000;;;0.0;0.0;0.000000;0.0;0.0;;;;;;;;;;;;;;;;;43.648833, 7.209;NICE;6;Nuages ne couvrant pas plus de la moitié du ciel pendant toute la période considérée;2
7690;2018-05-21T08:00:00+02:00;101250;-10;6;330;7.0;292.45;282.05;51;40000;3;Nuages couvrant plus de la moitié du ciel pendant toute la période considérée;2;60;3;2500;35;28;11;100940;;;-250;290.450000;;294.450000;;289.250000;;;9.300000;10.400000;-10;0;0.000000;;;0.0;0.0;0.000000;0.0;0.0;;;;;2;3;;4;0;;;;;;;;43.648833, 7.209;NICE;6;Nuages couvrant plus de la moitié du ciel pendant toute la période considérée;3
7690;2018-05-21T11:00:00+02:00;101240;0;5;150;4.2;293.75;287.15;66;40000;3;Nuages couvrant plus de la moitié du ciel pendant toute la période considérée;2;90;5;2250;38;28;11;100940;;;-260;;;;;289.250000;;;4.800000;5.800000;-10;0;0.000000;;;0.0;0.0;0.000000;0.0;0.0;;;;;5;6;;3;3;;3;0;;;;;43.648833, 7.209;NICE;5;Nuages couvrant plus de la moitié du ciel pendant toute la période considérée;3
7690;2018-05-21T14:00:00+02:00;101150;-90;8;90;4.2;296.25;285.25;50;40000;3;Nuages couvrant plus de la moitié du ciel pendant toute la période considérée;2;90;2;1750;38;28;12;100850;;;-330;;;;;289.250000;;;5.000000;7.000000;-10;0;0.000000;;;0.0;0.0;0.000000;0.0;0.0;;;;;2;6;;5;3;;5;0;;;;;43.648833, 7.209;NICE;8;Nuages couvrant plus de la moitié du ciel pendant toute la période considérée;3
7690;2018-05-21T17:00:00+02:00;101050;-100;6;210;2.4;296.05;286.25;54;40000;3;Nuages couvrant plus de la moitié du ciel pendant toute la période considérée;2;90;3;1750;38;27;12;100750;;;-250;;;;;289.250000;;;3.900000;5.800000;-10;0;0.000000;;;0.0;0.0;0.000000;0.0;0.0;;;;;3;6;;4;3;;7;0;;;;;43.648833, 7.209;NICE;6;Nuages couvrant plus de la moitié du ciel pendant toute la période considérée;3
7690;2018-05-21T20:00:00+02:00;101120;70;1;200;3.0;293.95;287.35;66;30000;25;Nuages couvrant plus de la moitié du ciel pendant toute la période considérée;2;100;6;1250;38;27;;100820;;;-190;292.350000;;297.050000;;294.150000;;;4.100000;4.200000;-10;0;0.000000;;;0.0;-0.1;-0.100000;-0.1;-0.1;;;;;6;6;;5;3;;;;;;;;43.648833, 7.209;NICE;1;Nuages couvrant plus de la moitié du ciel pendant toute la période considérée;25
7690;2018-05-21T23:00:00+02:00;101280;150;3;90;6.7;291.45;288.55;83;12000;80;Averse(s);8;100;7;450;39;;;100970;;;-120;;;;;291.150000;;;8.500000;10.700000;-10;0;0.000000;;;-0.1;4.9;4.900000;4.9;4.9;;;;;3;8;;7;6;;;;;;;;43.648833, 7.209;NICE;3;Averse(s);80
7690;2018-05-22T02:00:00+02:00;101260;-20;8;100;3.4;290.45;288.95;91;12000;60;Pluie;6;100;7;450;38;;;100950;;;-90;;;;;290.750000;;;3.900000;5.800000;-10;0;0.000000;;;1.0;1.0;5.900000;5.9;5.9;;;;;5;6;;7;6;;;;;;;;43.648833, 7.209;NICE;8;Pluie;60
7690;2018-05-22T05:00:00+02:00;101170;-90;6;270;1.2;289.65;288.35;92;10000;21;Nuages couvrant plus de la moitié du ciel pendant toute la période considérée;2;100;6;250;38;25;;100860;;;-90;;;;;290.750000;;;1.700000;2.000000;-10;0;0.000000;;;-0.1;1.0;2.000000;6.9;6.9;;;;;6;6;;7;3;;;;;;;;43.648833, 7.209;NICE;6;Nuages couvrant plus de la moitié du ciel pendant toute la période considérée;21
7690;2018-05-22T08:00:00+02:00;101260;90;3;10;1.1;290.05;288.35;90;10000;61;Pluie;6;100;8;250;38;;;100950;;;10;289.450000;;293.950000;;290.750000;;;1.800000;2.400000;-10;0;0.000000;;;0.2;0.6;1.600000;7.5;7.5;;;;;2;8;;5;6;;7;6;;;;;43.648833, 7.209;NICE;3;Pluie;61
7690;2018-05-22T11:00:00+02:00;101340;80;1;320;2.2;290.45;289.15;92;12000;61;Pluie;6;100;8;250;38;;;101030;;;90;;;;;290.750000;;;3.300000;3.300000;-10;2;0.000000;;;0.4;2.4;3.000000;5.0;9.9;;;;;7;6;;;;;;;;;;;43.648833, 7.209;NICE;1;Pluie;61
7690;2018-05-22T14:00:00+02:00;101400;60;1;200;1.5;291.85;287.75;77;46090;0;;;100;2;1250;;;;101090;;;240;;;;;290.950000;;;2.200000;2.300000;-10;;0.000000;;;-0.1;-0.1;2.400000;4.0;9.9;;;;;7;;;8;;;;;;;;;43.648833, 7.209;NICE;1;;0
7690;2018-05-22T17:00:00+02:00;101410;10;0;70;1.2;292.25;287.05;72;50000;2;Nuages couvrant plus de la moitié du ciel pendant toute la période considérée;2;90;7;800;38;;;101100;;;350;;;;;291.050000;;;1.700000;2.900000;-10;1;0.000000;;;0.0;-0.1;-0.100000;3.0;9.9;;;;;7;6;;;;;;;;;;;43.648833, 7.209;NICE;0;Nuages couvrant plus de la moitié du ciel pendant toute la période considérée;2
7690;2018-05-22T20:00:00+02:00;101440;30;3;260;1.5;291.65;286.55;72;50000;2;Nuages couvrant plus de la moitié du ciel pendant toute la période considérée;2;75;2;800;38;23;10;101130;;;310;289.950000;;292.550000;;291.350000;;;1.900000;1.900000;-10;0;0.000000;;;0.0;0.0;-0.100000;2.4;9.9;;;;;2;6;;6;3;;;;;;;;43.648833, 7.209;NICE;3;Nuages couvrant plus de la moitié du ciel pendant toute la période considérée;2
7690;2018-05-22T23:00:00+02:00;101570;130;1;350;0.7;291.35;287.85;80;30000;1;Nuages couvrant plus de la moitié du ciel pendant toute la période considérée;2;90;3;1250;35;23;;101260;;;290;;;;;291.550000;;;1.500000;1.800000;-10;0;0.000000;;;0.0;0.0;0.000000;-0.1;5.0;;;;;3;6;;6;3;;;;;;;;43.648833, 7.209;NICE;1;Nuages couvrant plus de la moitié du ciel pendant toute la période considérée;1
7690;2018-05-23T02:00:00+02:00;101580;10;0;320;2.4;289.95;287.75;87;30000;2;Nuages couvrant plus de la moitié du ciel pendant toute la période considérée;2;60;3;;35;23;;101270;;;320;;;;;290.350000;;;3.200000;3.600000;-10;0;0.000000;;;0.0;0.0;0.000000;-0.1;4.0;;;;;5;3;;;;;;;;;;;43.648833, 7.209;NICE;0;Nuages couvrant plus de la moitié du ciel pendant toute la période considérée;2
7690;2018-05-23T05:00:00+02:00;101560;-20;8;340;2.6;289.95;287.45;85;30000;2;Nuages couvrant plus de la moitié du ciel pendant toute la période considérée;2;100;8;;30;25;;101250;;;390;;;;;289.950000;;;3.400000;4.000000;-10;0;0.000000;;;0.0;0.0;0.000000;0.0;3.0;;;;;;;;;;;;;;;;;43.648833, 7.209;NICE;8;Nuages couvrant plus de la moitié du ciel pendant toute la période considérée;2
7690;2018-05-23T08:00:00+02:00;101640;80;3;340;1.9;291.05;287.35;79;50000;3;Nuages couvrant plus de la moitié du ciel pendant une partie de la période considérée et couvrant la moitié du ciel, ou moins, pendant l’autre partie;1;60;1;800;31;23;11;101330;;;380;289.150000;;291.850000;;289.850000;;;2.700000;5.300000;-10;0;0.000000;;;0.0;0.0;0.000000;0.0;2.4;;;;;5;3;;1;0;;;;;;;;43.648833, 7.209;NICE;3;Nuages couvrant plus de la moitié du ciel pendant une partie de la période considérée et couvrant la moitié du ciel, ou moins, pendant l’autre partie;3
7690;2018-05-23T11:00:00+02:00;101690;50;1;170;3.5;293.05;288.45;75;50000;2;Nuages ne couvrant pas plus de la moitié du ciel pendant toute la période considérée;0;40;1;800;31;23;12;101380;;;350;;;;;289.850000;;;4.400000;4.400000;-10;0;0.000000;;;0.0;0.0;0.000000;0.0;-0.1;;;;;1;3;;3;0;;;;;;;;43.648833, 7.209;NICE;1;Nuages ne couvrant pas plus de la moitié du ciel pendant toute la période considérée;2
7690;2018-05-23T14:00:00+02:00;101720;40;3;190;5.5;293.65;289.65;78;30000;2;Nuages couvrant plus de la moitié du ciel pendant toute la période considérée;2;60;1;800;32;23;12;101420;;;330;;;;;289.850000;;;6.400000;7.900000;-10;0;0.000000;;;0.0;0.0;0.000000;0.0;-0.1;;;;;1;8;;1;3;;5;0;;;;;43.648833, 7.209;NICE;3;Nuages couvrant plus de la moitié du ciel pendant toute la période considérée;2
7690;2018-05-23T17:00:00+02:00;101720;-10;8;170;3.0;292.85;289.85;83;25000;60;Pluie;2;75;2;450;39;26;12;101410;;;310;;;;;289.850000;;;3.500000;4.000000;-10;1;0.000000;;;-0.1;-0.1;-0.100000;-0.1;-0.1;;;;;5;3;;4;0;;2;9;;;;;43.648833, 7.209;NICE;8;Pluie;60
7690;2018-05-23T20:00:00+02:00;101680;-40;6;220;3.8;292.75;289.95;84;15000;2;Nuages couvrant plus de la moitié du ciel pendant toute la période considérée;2;60;1;450;38;26;12;101370;;;240;290.550000;;294.150000;;293.250000;;;5.100000;5.300000;-10;0;0.000000;;;0.0;-0.1;-0.100000;-0.1;-0.1;;;;;1;8;;4;3;;3;0;;;;;43.648833, 7.209;NICE;6;Nuages couvrant plus de la moitié du ciel pendant toute la période considérée;2
7690;2018-05-23T23:00:00+02:00;101750;70;3;290;2.4;290.95;289.45;91;15000;2;Nuages ne couvrant pas plus de la moitié du ciel pendant toute la période considérée;0;0;0;;30;20;10;101440;;;180;;;;;291.450000;;;3.400000;3.400000;-10;0;0.000000;;;0.0;0.0;-0.100000;-0.1;-0.1;;;;;;;;;;;;;;;;;43.648833, 7.209;NICE;3;Nuages ne couvrant pas plus de la moitié du ciel pendant toute la période considérée;2
7690;2018-05-24T02:00:00+02:00;101790;40;0;330;2.4;290.55;286.45;77;30000;2;Nuages ne couvrant pas plus de la moitié du ciel pendant toute la période considérée;0;0;0;;30;20;10;101480;;;210;;;;;289.850000;;;3.500000;4.400000;-10;0;0.000000;;;0.0;0.0;0.000000;-0.1;-0.1;;;;;;;;;;;;;;;;;43.648833, 7.209;NICE;0;Nuages ne couvrant pas plus de la moitié du ciel pendant toute la période considérée;2
7690;2018-05-24T05:00:00+02:00;101730;-60;6;330;4.0;290.05;284.95;72;30000;2;Nuages ne couvrant pas plus de la moitié du ciel pendant toute la période considérée;0;0;0;;30;20;10;101420;;;170;;;;;288.550000;;;5.800000;6.300000;-10;0;0.000000;;;0.0;0.0;0.000000;-0.1;-0.1;;;;;;;;;;;;;;;;;43.648833, 7.209;NICE;6;Nuages ne couvrant pas plus de la moitié du ciel pendant toute la période considérée;2
7690;2018-05-24T08:00:00+02:00;101770;40;3;350;3.3;292.25;284.55;61;30000;1;Nuages ne couvrant pas plus de la moitié du ciel pendant toute la période considérée;0;10;1;800;35;20;11;101460;;;130;289.450000;;292.750000;;288.250000;;;4.900000;6.800000;-10;0;0.000000;;;0.0;0.0;0.000000;0.0;-0.1;;;;;1;0;;;;;;;;;;;43.648833, 7.209;NICE;3;Nuages ne couvrant pas plus de la moitié du ciel pendant toute la période considérée;1
7690;2018-05-24T11:00:00+02:00;101860;90;1;110;3.1;293.55;289.35;77;30000;3;Nuages couvrant plus de la moitié du ciel pendant une partie de la période considérée et couvrant la moitié du ciel, ou moins, pendant l’autre partie;1;60;1;450;35;20;11;101550;;;170;;;;;288.250000;;;3.900000;5.400000;-10;0;0.000000;;;0.0;0.0;0.000000;0.0;-0.1;;;;;5;0;;;;;;;;;;;43.648833, 7.209;NICE;1;Nuages couvrant plus de la moitié du ciel pendant une partie de la période considérée et couvrant la moitié du ciel, ou moins, pendant l’autre partie;3
7690;2018-05-24T14:00:00+02:00;101770;-80;8;120;3.0;294.15;289.95;77;30000;3;Nuages couvrant plus de la moitié du ciel pendant toute la période considérée;2;90;1;450;38;23;16;101470;;;50;;;;;288.250000;;;3.600000;3.600000;-10;0;0.000000;;;0.0;0.0;0.000000;0.0;-0.1;;;;;1;6;;1;3;;7;0;;;;;43.648833, 7.209;NICE;8;Nuages couvrant plus de la moitié du ciel pendant toute la période considérée;3
7690;2018-05-24T17:00:00+02:00;101680;-90;8;110;3.5;294.05;290.25;79;30000;1;Nuages ne couvrant pas plus de la moitié du ciel pendant toute la période considérée;0;25;2;;35;20;11;101380;;;-30;;;;;288.250000;;;4.100000;4.200000;-10;0;0.000000;;;0.0;0.0;0.000000;0.0;-0.1;;;;;1;0;;;;;;;;;;;43.648833, 7.209;NICE;8;Nuages ne couvrant pas plus de la moitié du ciel pendant toute la période considérée;1
7690;2018-05-24T20:00:00+02:00;101670;-20;5;140;2.1;293.15;289.75;81;20000;1;Nuages ne couvrant pas plus de la moitié du ciel pendant toute la période considérée;0;10;1;450;35;20;10;101360;;;-10;292.250000;;294.350000;;293.950000;;;2.600000;3.100000;-10;0;0.000000;;;0.0;0.0;0.000000;0.0;0.0;;;;;;;;;;;;;;;;;43.648833, 7.209;NICE;5;Nuages ne couvrant pas plus de la moitié du ciel pendant toute la période considérée;1
7690;2018-05-24T23:00:00+02:00;101700;30;2;100;1.6;292.15;289.55;85;20000;3;Nuages ne couvrant pas plus de la moitié du ciel pendant toute la période considérée;0;10;1;450;35;20;10;101390;;;-50;;;;;292.350000;;;2.100000;2.400000;-10;0;0.000000;;;0.0;-0.1;-0.100000;-0.1;-0.1;;;;;;;;;;;;;;;;;43.648833, 7.209;NICE;2;Nuages ne couvrant pas plus de la moitié du ciel pendant toute la période considérée;3
7690;2018-05-25T02:00:00+02:00;101700;0;0;80;4.3;292.55;289.75;84;15000;1;Nuages couvrant plus de la moitié du ciel pendant toute la période considérée;2;75;6;450;35;20;10;101390;;;-90;;;;;291.950000;;;5.700000;5.700000;-10;0;0.000000;;;0.0;0.0;-0.100000;-0.1;-0.1;;;;;;;;;;;;;;;;;43.648833, 7.209;NICE;0;Nuages couvrant plus de la moitié du ciel pendant toute la période considérée;1
7690;2018-05-25T05:00:00+02:00;101660;-40;8;330;2.2;290.85;288.15;84;15000;2;Nuages couvrant plus de la moitié du ciel pendant toute la période considérée;2;90;7;450;35;;;101350;;;-70;;;;;291.650000;;;3.100000;4.600000;-10;0;0.000000;;;0.0;0.0;0.000000;-0.1;-0.1;;;;;5;6;;;;;;;;;;;43.648833, 7.209;NICE;8;Nuages couvrant plus de la moitié du ciel pendant toute la période considérée;2
7690;2018-05-25T08:00:00+02:00;101690;30;2;30;2.5;292.45;287.65;74;15000;1;Nuages ne couvrant pas plus de la moitié du ciel pendant toute la période considérée;0;25;2;450;35;20;10;101380;;;-80;290.150000;;293.150000;;290.550000;;;3.800000;3.900000;-10;0;0.000000;;;0.0;0.0;0.000000;-0.1;-0.1;;;;;;;;;;;;;;;;;43.648833, 7.209;NICE;2;Nuages ne couvrant pas plus de la moitié du ciel pendant toute la période considérée;1
7690;2018-05-25T11:00:00+02:00;101680;0;0;120;2.6;293.85;289.45;76;15000;2;Nuages ne couvrant pas plus de la moitié du ciel pendant toute la période considérée;0;10;1;450;35;20;10;101380;;;-170;;;;;290.550000;;;3.200000;3.300000;-10;0;0.000000;;;0.0;0.0;0.000000;0.0;-0.1;;;;;;;;;;;;;;;;;43.648833, 7.209;NICE;0;Nuages ne couvrant pas plus de la moitié du ciel pendant toute la période considérée;2
7690;2018-05-25T14:00:00+02:00;101680;0;0;140;2.4;294.05;290.05;78;12000;2;Nuages ne couvrant pas plus de la moitié du ciel pendant toute la période considérée;0;10;1;800;35;20;10;101380;;;-90;;;;;290.550000;;;3.200000;3.800000;-10;0;0.000000;;;0.0;0.0;0.000000;0.0;-0.1;;;;;;;;;;;;;;;;;43.648833, 7.209;NICE;0;Nuages ne couvrant pas plus de la moitié du ciel pendant toute la période considérée;2
7690;2018-05-25T17:00:00+02:00;101610;-70;7;180;2.5;294.65;290.25;76;15000;2;Nuages ne couvrant pas plus de la moitié du ciel pendant toute la période considérée;0;10;1;800;35;20;10;101310;;;-70;;;;;290.550000;;;3.400000;3.800000;-10;0;0.000000;;;0.0;0.0;0.000000;0.0;-0.1;;;;;;;;;;;;;;;;;43.648833, 7.209;NICE;7;Nuages ne couvrant pas plus de la moitié du ciel pendant toute la période considérée;2
7690;2018-05-25T20:00:00+02:00;101560;-50;6;190;1.9;293.85;290.65;82;15000;1;Nuages ne couvrant pas plus de la moitié du ciel pendant toute la période considérée;0;10;0;;30;20;11;101260;;;-100;292.450000;;294.850000;;295.850000;;;2.500000;3.400000;-10;0;0.000000;;;0.0;0.0;0.000000;0.0;-0.1;;;;;;;;;;;;;;;;;43.648833, 7.209;NICE;6;Nuages ne couvrant pas plus de la moitié du ciel pendant toute la période considérée;1
7690;2018-05-25T23:00:00+02:00;101690;120;3;120;1.1;292.55;290.55;88;15000;3;Nuages ne couvrant pas plus de la moitié du ciel pendant toute la période considérée;0;10;1;;30;27;10;101380;;;-10;;;;;293.750000;;;1.600000;1.700000;-10;0;0.000000;;;0.0;0.0;0.000000;0.0;0.0;;;;;;;;;;;;;;;;;43.648833, 7.209;NICE;3;Nuages ne couvrant pas plus de la moitié du ciel pendant toute la période considérée;3
7690;2018-05-26T02:00:00+02:00;101760;70;0;40;0.7;292.35;289.95;86;12000;2;Nuages ne couvrant pas plus de la moitié du ciel pendant toute la période considérée;0;40;1;;30;27;11;101450;;;60;;;;;292.650000;;;1.000000;1.300000;-10;0;0.000000;;;0.0;0.0;0.000000;0.0;0.0;;;;;3;0;;;;;;;;;;;43.648833, 7.209;NICE;0;Nuages ne couvrant pas plus de la moitié du ciel pendant toute la période considérée;2
7690;2018-05-26T05:00:00+02:00;101720;-40;8;40;2.5;291.55;288.05;80;12000;1;Nuages ne couvrant pas plus de la moitié du ciel pendant toute la période considérée;0;0;0;;30;20;10;101410;;;60;;;;;291.350000;;;3.200000;3.200000;-10;0;0.000000;;;0.0;0.0;0.000000;0.0;0.0;;;;;;;;;;;;;;;;;43.648833, 7.209;NICE;8;Nuages ne couvrant pas plus de la moitié du ciel pendant toute la période considérée;1
7690;2018-05-26T08:00:00+02:00;101920;200;3;240;0.9;292.15;288.05;77;15000;3;Nuages ne couvrant pas plus de la moitié du ciel pendant toute la période considérée;0;40;1;;30;23;11;101610;;;230;289.750000;;293.750000;;290.850000;;;1.700000;1.700000;-10;0;0.000000;;;0.0;0.0;0.000000;0.0;0.0;;;;;3;0;;;;;;;;;;;43.648833, 7.209;NICE;3;Nuages ne couvrant pas plus de la moitié du ciel pendant toute la période considérée;3
7690;2018-05-26T11:00:00+02:00;101920;10;2;180;1.8;295.05;289.35;70;30000;3;Nuages couvrant plus de la moitié du ciel pendant toute la période considérée;2;60;1;;31;20;11;101620;;;240;;;;;290.850000;;;2.600000;2.600000;-10;0;0.000000;;;0.0;0.0;0.000000;0.0;0.0;;;;;5;0;;;;;;;;;;;43.648833, 7.209;NICE;2;Nuages couvrant plus de la moitié du ciel pendant toute la période considérée;3
7690;2018-05-26T14:00:00+02:00;101880;-40;8;120;2.5;296.15;290.35;70;30000;3;Nuages ne couvrant pas plus de la moitié du ciel pendant toute la période considérée;0;50;1;;32;20;11;101580;;;200;;;;;290.850000;;;2.900000;2.900000;-10;0;0.000000;;;0.0;0.0;0.000000;0.0;0.0;;;;;4;0;;;;;;;;;;;43.648833, 7.209;NICE;8;Nuages ne couvrant pas plus de la moitié du ciel pendant toute la période considérée;3
7690;2018-05-26T17:00:00+02:00;101800;-80;5;200;3.5;297.15;289.95;64;30000;3;Nuages couvrant plus de la moitié du ciel pendant une partie de la période considérée et couvrant la moitié du ciel, ou moins, pendant l’autre partie;1;60;1;1250;32;23;10;101500;;;190;;;;;290.850000;;;5.100000;5.100000;-10;0;0.000000;;;0.0;0.0;0.000000;0.0;0.0;;;;;5;3;;;;;;;;;;;43.648833, 7.209;NICE;5;Nuages couvrant plus de la moitié du ciel pendant une partie de la période considérée et couvrant la moitié du ciel, ou moins, pendant l’autre partie;3
7690;2018-05-26T20:00:00+02:00;101790;-10;5;140;1.0;296.25;290.05;68;30000;1;Nuages couvrant plus de la moitié du ciel pendant toute la période considérée;2;60;1;1250;31;26;11;101490;;;230;292.150000;;297.350000;;295.550000;;;1.200000;1.500000;-10;0;0.000000;;;0.0;0.0;0.000000;0.0;0.0;;;;;3;3;;5;0;;;;;;;;43.648833, 7.209;NICE;5;Nuages couvrant plus de la moitié du ciel pendant toute la période considérée;1
7690;2018-05-26T23:00:00+02:00;101810;20;0;20;1.1;296.25;288.55;62;30000;2;Nuages couvrant plus de la moitié du ciel pendant une partie de la période considérée et couvrant la moitié du ciel, ou moins, pendant l’autre partie;1;50;2;;30;26;11;101510;;;130;;;;;294.550000;;;1.500000;2.900000;-10;0;0.000000;;;0.0;0.0;0.000000;0.0;0.0;;;;;4;0;;;;;;;;;;;43.648833, 7.209;NICE;0;Nuages couvrant plus de la moitié du ciel pendant une partie de la période considérée et couvrant la moitié du ciel, ou moins, pendant l’autre partie;2
7690;2018-05-27T02:00:00+02:00;101720;-90;8;340;3.2;295.15;288.05;64;30000;2;Nuages couvrant plus de la moitié du ciel pendant une partie de la période considérée et couvrant la moitié du ciel, ou moins, pendant l’autre partie;1;75;2;;30;23;11;101420;;;-30;;;;;293.350000;;;4.500000;4.500000;-10;0;0.000000;;;0.0;0.0;0.000000;0.0;0.0;;;;;6;0;;;;;;;;;;;43.648833, 7.209;NICE;8;Nuages couvrant plus de la moitié du ciel pendant une partie de la période considérée et couvrant la moitié du ciel, ou moins, pendant l’autre partie;2
7690;2018-05-27T05:00:00+02:00;101650;-70;5;290;1.0;294.95;287.05;61;30000;2;Nuages couvrant plus de la moitié du ciel pendant toute la période considérée;2;75;5;;30;23;11;101350;;;-60;;;;;292.950000;;;2.200000;5.800000;-10;0;0.000000;;;0.0;0.0;0.000000;0.0;0.0;;;;;6;0;;;;;;;;;;;43.648833, 7.209;NICE;5;Nuages couvrant plus de la moitié du ciel pendant toute la période considérée;2
7690;2018-05-27T08:00:00+02:00;101660;10;3;340;4.0;296.55;287.55;57;30000;2;Nuages couvrant plus de la moitié du ciel pendant toute la période considérée;2;75;5;;30;23;11;101360;;;-250;294.550000;;296.550000;;292.650000;;;5.900000;6.300000;-10;0;0.000000;;;0.0;0.0;0.000000;0.0;0.0;;;;;6;0;;;;;;;;;;;43.648833, 7.209;NICE;3;Nuages couvrant plus de la moitié du ciel pendant toute la période considérée;2
7690;2018-05-27T11:00:00+02:00;101650;-10;8;80;5.7;298.15;291.15;65;30000;2;Nuages couvrant plus de la moitié du ciel pendant toute la période considérée;2;90;2;;30;28;12;101350;;;-270;;;;;292.650000;;;7.800000;8.000000;-10;0;0.000000;;;0.0;0.0;0.000000;0.0;0.0;;;;;7;0;;;;;;;;;;;43.648833, 7.209;NICE;8;Nuages couvrant plus de la moitié du ciel pendant toute la période considérée;2
7690;2018-05-27T14:00:00+02:00;101660;10;3;80;5.4;296.85;291.25;71;20000;2;Nuages couvrant plus de la moitié du ciel pendant toute la période considérée;2;90;4;;30;28;12;101360;;;-220;;;;;292.650000;;;8.100000;9.800000;-10;0;0.000000;;;0.0;0.0;0.000000;0.0;0.0;;;;;7;0;;;;;;;;;;;43.648833, 7.209;NICE;3;Nuages couvrant plus de la moitié du ciel pendant toute la période considérée;2
7690;2018-05-27T17:00:00+02:00;101570;-90;7;80;2.7;296.85;290.15;66;20000;2;Nuages couvrant plus de la moitié du ciel pendant toute la période considérée;2;90;2;;30;28;12;101270;;;-230;;;;;292.650000;;;3.600000;8.900000;-10;0;0.000000;;;0.0;0.0;0.000000;0.0;0.0;;;;;7;0;;;;;;;;;;;43.648833, 7.209;NICE;7;Nuages couvrant plus de la moitié du ciel pendant toute la période considérée;2
7690;2018-05-27T20:00:00+02:00;101450;-120;6;70;8.1;297.15;289.65;63;29090;0;Nuages couvrant plus de la moitié du ciel pendant toute la période considérée;2;100;8;3180;;;;101150;;;-340;295.850000;;298.350000;;296.650000;;;11.700000;12.700000;-10;;0.000000;;;0.0;0.0;0.000000;0.0;0.0;;;;;8;;;;;;;;;;;;43.648833, 7.209;NICE;6;Nuages couvrant plus de la moitié du ciel pendant toute la période considérée;0
7690;2018-05-27T23:00:00+02:00;101520;70;0;80;8.3;295.95;289.25;66;20000;2;Nuages couvrant plus de la moitié du ciel pendant toute la période considérée;2;100;5;;30;28;12;101220;;;-290;;;;;294.950000;;;10.900000;10.900000;-10;0;0.000000;;;0.0;-0.1;-0.100000;-0.1;-0.1;;;;;8;0;;;;;;;;;;;43.648833, 7.209;NICE;0;Nuages couvrant plus de la moitié du ciel pendant toute la période considérée;2
7690;2018-05-28T02:00:00+02:00;101480;-40;8;30;4.4;296.35;288.45;61;20000;2;Nuages couvrant plus de la moitié du ciel pendant toute la période considérée;2;100;5;;30;28;12;101180;;;-240;;;;;294.350000;;;5.700000;10.300000;-10;0;0.000000;;;0.0;0.0;-0.100000;-0.1;-0.1;;;;;8;0;;;;;;;;;;;43.648833, 7.209;NICE;8;Nuages couvrant plus de la moitié du ciel pendant toute la période considérée;2
7690;2018-05-28T05:00:00+02:00;101420;-60;6;70;7.3;295.85;288.65;64;20000;2;Nuages couvrant plus de la moitié du ciel pendant toute la période considérée;2;60;5;;30;27;10;101120;;;-230;;;;;292.850000;;;11.500000;11.500000;-10;0;0.000000;;;0.0;0.0;0.000000;-0.1;-0.1;;;;;;;;;;;;;;;;;43.648833, 7.209;NICE;6;Nuages couvrant plus de la moitié du ciel pendant toute la période considérée;2
7690;2018-05-28T08:00:00+02:00;101600;180;1;100;10.6;294.45;290.25;77;20000;2;Nuages couvrant plus de la moitié du ciel pendant toute la période considérée;2;90;7;800;35;27;;101300;;;-60;294.350000;;297.550000;;292.850000;;;13.000000;15.800000;-10;0;0.000000;;;0.0;-0.1;-0.100000;-0.1;-0.1;;;;;7;3;;;;;;;;;;;43.648833, 7.209;NICE;1;Nuages couvrant plus de la moitié du ciel pendant toute la période considérée;2
7690;2018-05-28T11:00:00+02:00;101760;160;1;120;9.8;294.05;290.25;79;15000;3;Nuages couvrant plus de la moitié du ciel pendant toute la période considérée;2;90;7;1250;38;;;101460;;;110;;;;;292.850000;;;12.300000;13.700000;-10;0;0.000000;;;0.0;-0.1;-0.100000;-0.1;-0.1;;;;;7;6;;;;;;;;;;;43.648833, 7.209;NICE;1;Nuages couvrant plus de la moitié du ciel pendant toute la période considérée;3
7690;2018-05-28T14:00:00+02:00;101890;120;0;110;4.4;293.45;291.05;86;15000;21;Pluie;2;90;7;800;38;;;101580;;;220;;;;;292.850000;;;5.600000;9.800000;-10;0;0.000000;;;-0.1;0.2;0.200000;0.2;0.2;;;;;7;6;;;;;;;;;;;43.648833, 7.209;NICE;0;Pluie;21
7690;2018-05-28T17:00:00+02:00;101830;-60;7;280;1.3;293.55;290.75;84;15000;2;Nuages couvrant plus de la moitié du ciel pendant toute la période considérée;2;90;7;450;38;;;101520;;;250;;;;;293.050000;;;2.100000;2.500000;-10;0;0.000000;;;0.0;0.0;0.200000;0.2;0.2;;;;;7;6;;;;;;;;;;;43.648833, 7.209;NICE;7;Nuages couvrant plus de la moitié du ciel pendant toute la période considérée;2
7690;2018-05-28T20:00:00+02:00;101760;-60;5;280;0.6;294.15;289.35;74;15000;2;Nuages couvrant plus de la moitié du ciel pendant toute la période considérée;2;90;7;450;38;;;101460;;;310;293.250000;;294.650000;;293.050000;;;0.900000;2.000000;-10;0;0.000000;;;0.0;0.0;0.000000;0.2;0.2;;;;;5;6;;7;6;;;;;;;;43.648833, 7.209;NICE;5;Nuages couvrant plus de la moitié du ciel pendant toute la période considérée;2
7690;2018-05-28T23:00:00+02:00;101780;10;0;300;2.0;291.95;290.95;94;3280;61;Pluie;6;100;8;250;38;27;;101470;;;250;;;;;292.550000;;;3.000000;3.700000;-10;0;0.000000;;;2.2;3.4;3.400000;3.6;3.6;;;;;5;6;;8;3;;;;;;;;43.648833, 7.209;NICE;0;Pluie;61
7690;2018-05-29T02:00:00+02:00;101770;-10;8;330;2.9;291.55;290.25;92;11000;1;Nuages couvrant plus de la moitié du ciel pendant toute la période considérée;2;60;4;;35;23;10;101460;;;280;;;;;291.550000;;;3.800000;3.800000;-10;0;0.000000;;;0.0;-0.1;3.400000;3.4;3.6;;;;;4;3;;;;;;;;;;;43.648833, 7.209;NICE;8;Nuages couvrant plus de la moitié du ciel pendant toute la période considérée;1
7690;2018-05-29T05:00:00+02:00;101650;-120;6;330;3.7;290.55;289.05;91;20000;2;Nuages ne couvrant pas plus de la moitié du ciel pendant toute la période considérée;0;10;1;;35;23;10;101340;;;220;;;;;290.350000;;;4.300000;4.300000;-10;0;0.000000;;;0.0;0.0;-0.100000;3.4;3.6;;;;;1;3;;;;;;;;;;;43.648833, 7.209;NICE;6;Nuages ne couvrant pas plus de la moitié du ciel pendant toute la période considérée;2
7690;2018-05-29T08:00:00+02:00;101640;-10;5;360;1.7;292.65;288.55;77;30000;2;Nuages ne couvrant pas plus de la moitié du ciel pendant toute la période considérée;0;10;1;800;31;23;10;101330;;;30;290.250000;;294.150000;;289.950000;;;2.300000;3.500000;-10;0;0.000000;;;0.0;0.0;0.000000;3.4;3.6;;;;;1;3;;;;;;;;;;;43.648833, 7.209;NICE;5;Nuages ne couvrant pas plus de la moitié du ciel pendant toute la période considérée;2
7690;2018-05-29T11:00:00+02:00;101680;50;1;130;2.8;294.55;290.55;78;30000;2;Nuages ne couvrant pas plus de la moitié du ciel pendant toute la période considérée;0;10;1;800;31;20;10;101380;;;-80;;;;;289.950000;;;3.500000;3.800000;-10;0;0.000000;;;0.0;0.0;0.000000;-0.1;3.6;;;;;;;;;;;;;;;;;43.648833, 7.209;NICE;1;Nuages ne couvrant pas plus de la moitié du ciel pendant toute la période considérée;2
7690;2018-05-29T14:00:00+02:00;101620;-60;8;110;4.1;295.25;291.65;80;25000;2;Nuages ne couvrant pas plus de la moitié du ciel pendant toute la période considérée;0;10;1;450;32;20;10;101320;;;-260;;;;;289.950000;;;5.000000;5.400000;-10;0;0.000000;;;0.0;0.0;0.000000;0.0;3.4;;;;;;;;;;;;;;;;;43.648833, 7.209;NICE;8;Nuages ne couvrant pas plus de la moitié du ciel pendant toute la période considérée;2
7690;2018-05-29T17:00:00+02:00;101530;-90;8;110;0.9;294.95;291.35;80;25000;3;Nuages couvrant plus de la moitié du ciel pendant une partie de la période considérée et couvrant la moitié du ciel, ou moins, pendant l’autre partie;1;75;1;450;32;23;12;101230;;;-290;;;;;289.950000;;;1.800000;2.500000;-10;0;0.000000;;;0.0;0.0;0.000000;0.0;3.4;;;;;4;3;;4;0;;;;;;;;43.648833, 7.209;NICE;8;Nuages couvrant plus de la moitié du ciel pendant une partie de la période considérée et couvrant la moitié du ciel, ou moins, pendant l’autre partie;3
7690;2018-05-29T20:00:00+02:00;101410;-120;6;80;1.9;294.75;290.55;77;25000;1;Nuages couvrant plus de la moitié du ciel pendant toute la période considérée;2;90;1;2250;35;23;10;101110;;;-350;292.750000;;295.650000;;295.550000;;;3.200000;3.500000;-10;0;0.000000;;;0.0;0.0;0.000000;0.0;3.4;;;;;3;3;;6;3;;;;;;;;43.648833, 7.209;NICE;6;Nuages couvrant plus de la moitié du ciel pendant toute la période considérée;1
7690;2018-05-29T23:00:00+02:00;101500;90;3;0;0.0;294.15;290.35;79;30000;1;Nuages couvrant plus de la moitié du ciel pendant toute la période considérée;2;90;7;;30;23;;101200;;;-270;;;;;294.750000;;;0.000000;2.300000;-10;0;0.000000;;;0.0;-0.1;-0.100000;-0.1;-0.1;;;;;;;;;;;;;;;;;43.648833, 7.209;NICE;3;Nuages couvrant plus de la moitié du ciel pendant toute la période considérée;1
7690;2018-05-30T02:00:00+02:00;101380;-120;8;340;1.5;293.65;289.45;77;30000;1;Nuages couvrant plus de la moitié du ciel pendant toute la période considérée;2;90;7;;30;23;;101080;;;-380;;;;;293.550000;;;2.100000;3.500000;-10;0;0.000000;;;0.0;0.0;-0.100000;-0.1;-0.1;;;;;;;;;;;;;;;;;43.648833, 7.209;NICE;8;Nuages couvrant plus de la moitié du ciel pendant toute la période considérée;1
7690;2018-05-30T05:00:00+02:00;101300;-80;8;340;3.3;293.85;287.75;68;30000;21;Pluie;2;90;7;3400;30;27;;101000;;;-340;;;;;292.550000;;;4.500000;4.500000;-10;0;0.000000;;;-0.1;-0.1;-0.100000;-0.1;-0.1;;;;;7;3;;;;;;;;;;;43.648833, 7.209;NICE;8;Pluie;21
7690;2018-05-30T08:00:00+02:00;101310;10;3;350;3.4;294.55;286.25;59;30000;25;Averse(s);6;90;1;1750;35;27;;101010;;;-320;292.850000;;294.750000;;292.050000;;;4.500000;6.500000;-10;0;0.000000;;;-0.1;-0.1;-0.100000;-0.1;-0.1;;;;;7;3;;;;;;;;;;;43.648833, 7.209;NICE;3;Averse(s);25
7690;2018-05-30T11:00:00+02:00;101320;10;1;20;4.2;298.25;287.05;50;40000;1;Nuages couvrant plus de la moitié du ciel pendant toute la période considérée;2;90;1;;35;27;;101020;;;-360;;;;;292.050000;;;6.600000;8.300000;-10;0;0.000000;;;0.0;-0.1;-0.100000;-0.1;-0.1;;;;;7;3;;;;;;;;;;;43.648833, 7.209;NICE;1;Nuages couvrant plus de la moitié du ciel pendant toute la période considérée;1
7690;2018-05-30T14:00:00+02:00;101310;-10;5;200;3.6;297.15;292.05;73;30000;3;Nuages couvrant plus de la moitié du ciel pendant toute la période considérée;2;90;7;;30;27;;101010;;;-310;;;;;292.050000;;;5.200000;5.200000;-10;0;0.000000;;;0.0;0.0;-0.100000;-0.1;-0.1;;;;;4;3;;;;;;;;;;;43.648833, 7.209;NICE;5;Nuages couvrant plus de la moitié du ciel pendant toute la période considérée;3
7690;2018-05-30T17:00:00+02:00;101320;10;1;170;1.9;297.25;290.75;67;30000;1;Nuages couvrant plus de la moitié du ciel pendant toute la période considérée;2;75;3;2250;32;27;12;101020;;;-210;;;;;292.050000;;;2.900000;3.500000;-10;0;0.000000;;;0.0;0.0;0.000000;-0.1;-0.1;;;;;3;3;;3;0;;;;;;;;43.648833, 7.209;NICE;1;Nuages couvrant plus de la moitié du ciel pendant toute la période considérée;1
7690;2018-05-30T20:00:00+02:00;101340;20;3;200;1.2;295.55;292.15;81;30000;2;Nuages couvrant plus de la moitié du ciel pendant toute la période considérée;2;75;1;1750;35;27;10;101040;;;-70;294.350000;;300.650000;;293.050000;;;2.200000;3.400000;-10;0;0.000000;;;0.0;0.0;0.000000;-0.1;-0.1;;;;;6;3;;;;;;;;;;;43.648833, 7.209;NICE;3;Nuages couvrant plus de la moitié du ciel pendant toute la période considérée;2
7690;2018-05-30T23:00:00+02:00;101530;190;3;170;5.6;293.85;292.15;90;20000;3;Nuages couvrant plus de la moitié du ciel pendant toute la période considérée;2;75;6;250;35;27;;101230;;;30;;;;;294.550000;;;6.500000;6.500000;-10;0;0.000000;;;0.0;0.0;0.000000;0.0;-0.1;;;;;5;6;;5;6;;5;3;;;;;43.648833, 7.209;NICE;3;Nuages couvrant plus de la moitié du ciel pendant toute la période considérée;3
7690;2018-05-31T02:00:00+02:00;101520;-10;0;100;5.0;293.45;291.25;87;20000;3;Nuages couvrant plus de la moitié du ciel pendant toute la période considérée;2;90;7;450;35;;;101220;;;140;;;;;293.550000;;;6.000000;6.100000;-10;0;0.000000;;;0.0;0.0;0.000000;0.0;-0.1;;;;;6;6;;;;;;;;;;;43.648833, 7.209;NICE;0;Nuages couvrant plus de la moitié du ciel pendant toute la période considérée;3
7690;2018-05-31T05:00:00+02:00;101580;60;1;170;2.6;293.15;291.15;88;15000;1;Nuages couvrant plus de la moitié du ciel pendant toute la période considérée;2;90;7;450;35;;;101280;;;280;;;;;293.050000;;;3.400000;3.900000;-10;0;0.000000;;;0.0;0.0;0.000000;0.0;-0.1;;;;;5;6;;;;;;;;;;;43.648833, 7.209;NICE;1;Nuages couvrant plus de la moitié du ciel pendant toute la période considérée;1
7690;2018-05-31T08:00:00+02:00;101690;110;2;210;3.6;293.35;290.95;86;20000;3;Nuages couvrant plus de la moitié du ciel pendant toute la période considérée;2;75;4;450;38;20;11;101390;;;380;292.350000;;295.450000;;292.450000;;;4.400000;4.500000;-10;0;0.000000;;;0.0;0.0;0.000000;0.0;-0.1;;;;;3;8;;4;6;;6;0;;;;;43.648833, 7.209;NICE;2;Nuages couvrant plus de la moitié du ciel pendant toute la période considérée;3
7690;2018-05-31T11:00:00+02:00;101790;100;1;190;3.4;294.35;290.75;80;20000;3;Nuages couvrant plus de la moitié du ciel pendant une partie de la période considérée et couvrant la moitié du ciel, ou moins, pendant l’autre partie;1;50;1;450;38;20;11;101490;;;470;;;;;292.450000;;;4.100000;4.100000;-10;0;0.000000;;;0.0;0.0;0.000000;0.0;0.0;;;;;4;0;;;;;;;;;;;43.648833, 7.209;NICE;1;Nuages couvrant plus de la moitié du ciel pendant une partie de la période considérée et couvrant la moitié du ciel, ou moins, pendant l’autre partie;3
7690;2018-05-31T14:00:00+02:00;101840;50;3;190;4.1;295.25;290.15;73;20000;3;Nuages ne couvrant pas plus de la moitié du ciel pendant toute la période considérée;0;50;1;800;38;20;11;101540;;;530;;;;;292.450000;;;5.200000;5.500000;-10;0;0.000000;;;0.0;0.0;0.000000;0.0;0.0;;;;;1;8;;4;0;;;;;;;;43.648833, 7.209;NICE;3;Nuages ne couvrant pas plus de la moitié du ciel pendant toute la période considérée;3
7690;2018-05-31T17:00:00+02:00;101710;-130;8;210;4.9;295.65;290.35;72;20000;1;Nuages couvrant plus de la moitié du ciel pendant toute la période considérée;2;75;1;800;32;26;10;101410;;;390;;;;;292.450000;;;6.300000;7.200000;-10;0;0.000000;;;0.0;0.0;0.000000;0.0;0.0;;;;;1;8;;5;3;;;;;;;;43.648833, 7.209;NICE;8;Nuages couvrant plus de la moitié du ciel pendant toute la période considérée;1
7690;2018-05-31T20:00:00+02:00;101630;-80;6;220;6.5;294.75;288.55;68;35000;1;Nuages ne couvrant pas plus de la moitié du ciel pendant toute la période considérée;0;25;1;;30;26;10;101330;;;290;293.050000;;295.850000;;295.050000;;;8.500000;8.500000;-10;0;0.000000;;;0.0;0.0;0.000000;0.0;0.0;;;;;;;;;;;;;;;;;43.648833, 7.209;NICE;6;Nuages ne couvrant pas plus de la moitié du ciel pendant toute la période considérée;1
7690;2018-05-31T23:00:00+02:00;101810;170;3;270;2.5;293.15;290.75;86;25000;3;Nuages ne couvrant pas plus de la moitié du ciel pendant toute la période considérée;0;10;1;450;35;20;10;101500;;;270;;;;;293.650000;;;3.800000;5.200000;-10;0;0.000000;;;0.0;0.0;0.000000;0.0;0.0;;;;;;;;;;;;;;;;;43.648833, 7.209;NICE;3;Nuages ne couvrant pas plus de la moitié du ciel pendant toute la période considérée;3
7690;2018-06-01T02:00:00+02:00;101810;0;0;320;3.2;291.25;286.15;72;25000;1;Nuages ne couvrant pas plus de la moitié du ciel pendant toute la période considérée;0;0;0;;30;20;10;101500;;;280;;;;;291.150000;;;4.100000;4.100000;-10;0;0.000000;;;0.0;0.0;0.000000;0.0;0.0;;;;;;;;;;;;;;;;;43.648833, 7.209;NICE;0;Nuages ne couvrant pas plus de la moitié du ciel pendant toute la période considérée;1
7690;2018-06-01T05:00:00+02:00;101740;-70;8;330;4.7;290.45;284.45;68;25000;2;Nuages ne couvrant pas plus de la moitié du ciel pendant toute la période considérée;0;0;0;;30;20;10;101430;;;150;;;;;289.750000;;;5.900000;6.100000;-10;0;0.000000;;;0.0;0.0;0.000000;0.0;0.0;;;;;;;;;;;;;;;;;43.648833, 7.209;NICE;8;Nuages ne couvrant pas plus de la moitié du ciel pendant toute la période considérée;2
7690;2018-06-01T08:00:00+02:00;101840;100;3;330;4.4;292.35;284.35;60;40000;2;Nuages ne couvrant pas plus de la moitié du ciel pendant toute la période considérée;0;0;0;;30;20;10;101530;;;140;290.150000;;294.750000;;289.550000;;;6.300000;8.100000;-10;0;0.000000;;;0.0;0.0;0.000000;0.0;0.0;;;;;;;;;;;;;;;;;43.648833, 7.209;NICE;3;Nuages ne couvrant pas plus de la moitié du ciel pendant toute la période considérée;2
7690;2018-06-01T11:00:00+02:00;101880;50;3;160;2.7;294.15;288.65;71;40000;2;Nuages ne couvrant pas plus de la moitié du ciel pendant toute la période considérée;0;10;1;800;31;20;10;101580;;;90;;;;;289.550000;;;4.100000;5.200000;-10;0;0.000000;;;0.0;0.0;0.000000;0.0;0.0;;;;;;;;;;;;;;;;;43.648833, 7.209;NICE;3;Nuages ne couvrant pas plus de la moitié du ciel pendant toute la période considérée;2
7690;2018-06-01T14:00:00+02:00;101900;20;3;160;3.4;295.15;289.45;70;40000;2;Nuages ne couvrant pas plus de la moitié du ciel pendant toute la période considérée;0;10;1;800;31;20;10;101600;;;60;;;;;289.550000;;;4.500000;4.600000;-10;0;0.000000;;;0.0;0.0;0.000000;0.0;0.0;;;;;;;;;;;;;;;;;43.648833, 7.209;NICE;3;Nuages ne couvrant pas plus de la moitié du ciel pendant toute la période considérée;2
7690;2018-06-01T17:00:00+02:00;101840;-60;6;150;2.4;295.55;291.15;76;40000;2;Nuages ne couvrant pas plus de la moitié du ciel pendant toute la période considérée;0;25;2;450;31;20;10;101540;;;130;;;;;289.550000;;;3.600000;6.000000;-10;0;0.000000;;;0.0;0.0;0.000000;0.0;0.0;;;;;;;;;;;;;;;;;43.648833, 7.209;NICE;6;Nuages ne couvrant pas plus de la moitié du ciel pendant toute la période considérée;2
7690;2018-06-01T20:00:00+02:00;101830;-10;7;180;1.4;294.15;290.75;81;15000;2;Nuages ne couvrant pas plus de la moitié du ciel pendant toute la période considérée;0;50;4;450;38;20;10;101530;;;200;292.350000;;295.650000;;296.250000;;;2.000000;3.400000;-10;0;0.000000;;;0.0;0.0;0.000000;0.0;0.0;;;;;4;6;;;;;;;;;;;43.648833, 7.209;NICE;7;Nuages ne couvrant pas plus de la moitié du ciel pendant toute la période considérée;2
7690;2018-06-01T23:00:00+02:00;101860;20;0;220;1.4;293.35;290.75;85;15000;2;Nuages ne couvrant pas plus de la moitié du ciel pendant toute la période considérée;0;50;4;450;38;20;10;101550;;;50;;;;;294.250000;;;2.100000;2.400000;-10;0;0.000000;;;0.0;0.0;0.000000;0.0;0.0;;;;;4;6;;;;;;;;;;;43.648833, 7.209;NICE;0;Nuages ne couvrant pas plus de la moitié du ciel pendant toute la période considérée;2
7690;2018-06-02T02:00:00+02:00;101890;30;0;10;1.2;293.35;290.55;84;15000;3;Nuages couvrant plus de la moitié du ciel pendant toute la période considérée;2;90;7;450;36;;;101580;;;80;;;;;293.650000;;;1.600000;1.600000;-10;0;0.000000;;;0.0;0.0;0.000000;0.0;0.0;;;;;7;6;;;;;;;;;;;43.648833, 7.209;NICE;0;Nuages couvrant plus de la moitié du ciel pendant toute la période considérée;3
7690;2018-06-02T05:00:00+02:00;101790;-100;6;320;2.6;291.85;288.55;81;15000;3;Nuages couvrant plus de la moitié du ciel pendant une partie de la période considérée et couvrant la moitié du ciel, ou moins, pendant l’autre partie;1;75;6;450;35;20;10;101480;;;50;;;;;292.050000;;;3.300000;3.500000;-10;0;0.000000;;;0.0;0.0;0.000000;0.0;0.0;;;;;;;;;;;;;;;;;43.648833, 7.209;NICE;6;Nuages couvrant plus de la moitié du ciel pendant une partie de la période considérée et couvrant la moitié du ciel, ou moins, pendant l’autre partie;3
7690;2018-06-02T08:00:00+02:00;101840;50;3;330;3.2;292.95;288.35;75;20000;3;Nuages couvrant plus de la moitié du ciel pendant une partie de la période considérée et couvrant la moitié du ciel, ou moins, pendant l’autre partie;1;90;4;450;35;20;12;101530;;;0;291.650000;;294.150000;;292.050000;;;4.500000;4.600000;-10;0;0.000000;;;0.0;0.0;0.000000;0.0;0.0;;;;;4;6;;4;0;;;;;;;;43.648833, 7.209;NICE;3;Nuages couvrant plus de la moitié du ciel pendant une partie de la période considérée et couvrant la moitié du ciel, ou moins, pendant l’autre partie;3
7690;2018-06-02T11:00:00+02:00;101890;60;1;120;1.9;295.35;291.75;80;20000;2;Nuages couvrant plus de la moitié du ciel pendant toute la période considérée;2;75;4;450;38;20;11;101590;;;10;;;;;292.050000;;;2.600000;2.700000;-10;0;0.000000;;;0.0;0.0;0.000000;0.0;0.0;;;;;4;8;;6;0;;;;;;;;43.648833, 7.209;NICE;1;Nuages couvrant plus de la moitié du ciel pendant toute la période considérée;2
7690;2018-06-02T14:00:00+02:00;101880;-10;8;120;3.2;296.15;291.25;74;20000;1;Nuages couvrant plus de la moitié du ciel pendant toute la période considérée;2;75;2;450;38;20;11;101580;;;-20;;;;;292.050000;;;4.300000;4.600000;-10;0;0.000000;;;0.0;0.0;0.000000;0.0;0.0;;;;;2;8;;5;0;;;;;;;;43.648833, 7.209;NICE;8;Nuages couvrant plus de la moitié du ciel pendant toute la période considérée;1
7690;2018-06-02T17:00:00+02:00;101800;-80;8;150;1.9;295.65;291.25;76;20000;2;Nuages couvrant plus de la moitié du ciel pendant toute la période considérée;2;75;3;450;38;20;11;101500;;;-40;;;;;292.250000;;;2.600000;4.000000;-10;0;0.000000;;;0.0;0.0;0.000000;0.0;0.0;;;;;2;8;;5;0;;;;;;;;43.648833, 7.209;NICE;8;Nuages couvrant plus de la moitié du ciel pendant toute la période considérée;2
7690;2018-06-02T20:00:00+02:00;101750;-50;5;180;1.5;294.65;290.65;78;20000;3;Nuages couvrant plus de la moitié du ciel pendant toute la période considérée;2;90;6;450;35;;;101450;;;-80;292.950000;;296.450000;;295.350000;;;2.600000;3.300000;-10;0;0.000000;;;0.0;0.0;0.000000;0.0;0.0;;;;;5;6;;;;;;;;;;;43.648833, 7.209;NICE;5;Nuages couvrant plus de la moitié du ciel pendant toute la période considérée;3
7690;2018-06-02T23:00:00+02:00;101810;60;3;40;1.2;293.75;290.35;81;20000;2;Nuages couvrant plus de la moitié du ciel pendant une partie de la période considérée et couvrant la moitié du ciel, ou moins, pendant l’autre partie;1;40;3;450;35;20;10;101510;;;-40;;;;;294.650000;;;1.900000;2.100000;-10;0;0.000000;;;0.0;0.0;0.000000;0.0;0.0;;;;;3;6;;;;;;;;;;;43.648833, 7.209;NICE;3;Nuages couvrant plus de la moitié du ciel pendant une partie de la période considérée et couvrant la moitié du ciel, ou moins, pendant l’autre partie;2
7690;2018-06-03T02:00:00+02:00;101790;-30;5;20;2.2;292.45;289.65;84;13000;2;Nuages couvrant plus de la moitié du ciel pendant une partie de la période considérée et couvrant la moitié du ciel, ou moins, pendant l’autre partie;1;40;3;450;35;20;10;101480;;;-100;;;;;293.050000;;;2.700000;2.700000;-10;0;0.000000;;;0.0;0.0;0.000000;0.0;0.0;;;;;3;6;;;;;;;;;;;43.648833, 7.209;NICE;5;Nuages couvrant plus de la moitié du ciel pendant une partie de la période considérée et couvrant la moitié du ciel, ou moins, pendant l’autre partie;2
7690;2018-06-03T05:00:00+02:00;101750;-40;8;360;3.8;291.95;288.45;80;15000;1;Nuages couvrant plus de la moitié du ciel pendant toute la période considérée;2;90;3;800;35;28;10;101440;;;-40;;;;;292.950000;;;5.400000;5.400000;-10;0;0.000000;;;0.0;0.0;0.000000;0.0;0.0;;;;;3;6;;6;3;;;;;;;;43.648833, 7.209;NICE;8;Nuages couvrant plus de la moitié du ciel pendant toute la période considérée;1
7690;2018-06-03T08:00:00+02:00;101750;0;5;340;1.2;293.25;287.15;68;30000;3;Nuages couvrant plus de la moitié du ciel pendant une partie de la période considérée et couvrant la moitié du ciel, ou moins, pendant l’autre partie;1;50;1;800;35;27;11;101440;;;-90;291.750000;;294.650000;;292.950000;;;2.200000;3.200000;-10;0;0.000000;;;0.0;0.0;0.000000;0.0;0.0;;;;;3;3;;3;0;;;;;;;;43.648833, 7.209;NICE;5;Nuages couvrant plus de la moitié du ciel pendant une partie de la période considérée et couvrant la moitié du ciel, ou moins, pendant l’autre partie;3
7690;2018-06-03T11:00:00+02:00;101730;-10;8;100;4.9;295.65;291.45;77;20000;1;Nuages ne couvrant pas plus de la moitié du ciel pendant toute la période considérée;0;40;1;450;35;23;11;101430;;;-160;;;;;292.950000;;;5.700000;6.100000;-10;0;0.000000;;;0.0;0.0;0.000000;0.0;0.0;;;;;1;3;;3;0;;;;;;;;43.648833, 7.209;NICE;8;Nuages ne couvrant pas plus de la moitié du ciel pendant toute la période considérée;1
7690;2018-06-03T14:00:00+02:00;101660;-70;8;100;3.3;296.25;291.75;76;20000;3;Nuages couvrant plus de la moitié du ciel pendant toute la période considérée;2;60;1;450;38;23;11;101360;;;-220;;;;;292.950000;;;3.900000;3.900000;-10;0;0.000000;;;0.0;0.0;0.000000;0.0;0.0;;;;;1;8;;3;3;;5;0;;;;;43.648833, 7.209;NICE;8;Nuages couvrant plus de la moitié du ciel pendant toute la période considérée;3
7690;2018-06-03T17:00:00+02:00;101510;-150;8;170;1.0;296.05;290.95;73;30000;3;Nuages couvrant plus de la moitié du ciel pendant toute la période considérée;2;90;1;;31;27;12;101210;;;-290;;;;;292.950000;;;1.700000;1.900000;-10;0;0.000000;;;0.0;0.0;0.000000;0.0;0.0;;;;;2;3;;7;0;;;;;;;;43.648833, 7.209;NICE;8;Nuages couvrant plus de la moitié du ciel pendant toute la période considérée;3
7690;2018-06-03T20:00:00+02:00;101390;-120;8;80;1.6;295.35;287.45;61;30000;2;Pluie;2;90;1;1750;35;27;;101090;;;-360;293.350000;;296.650000;;295.050000;;;2.100000;2.200000;-10;0;0.000000;;;0.0;-0.1;-0.100000;-0.1;-0.1;;;;;3;3;;7;3;;;;;;;;43.648833, 7.209;NICE;8;Pluie;2
7690;2018-06-03T23:00:00+02:00;101340;-50;5;0;0.0;295.35;289.15;68;30000;3;Nuages couvrant plus de la moitié du ciel pendant toute la période considérée;2;90;1;800;35;27;;101040;;;-470;;;;;295.550000;;;1.300000;2.300000;-10;0;0.000000;;;0.0;0.0;-0.100000;-0.1;-0.1;;;;;7;3;;;;;;;;;;;43.648833, 7.209;NICE;5;Nuages couvrant plus de la moitié du ciel pendant toute la période considérée;3
7690;2018-06-04T02:00:00+02:00;101400;50;3;60;2.9;292.45;289.65;84;10000;60;Averse(s);6;100;6;800;32;27;;101090;;;-390;;;;;292.550000;;;4.600000;9.500000;-10;2;0.000000;;;1.0;1.0;1.000000;1.0;1.0;;;;;1;8;;6;6;;7;3;;;;;43.648833, 7.209;NICE;3;Averse(s);60
7690;2018-06-04T05:00:00+02:00;101240;-160;6;270;3.0;290.55;289.55;94;3830;63;Pluie;2;100;7;450;35;;;100930;;;-510;;;;;292.250000;;;4.300000;7.400000;-10;2;0.000000;;;6.7;7.7;8.700000;8.7;8.7;;;;;7;6;;;;;;;;;;;43.648833, 7.209;NICE;6;Pluie;63
7690;2018-06-04T08:00:00+02:00;101220;-20;5;10;3.9;290.85;289.55;92;3000;63;Pluie;6;100;2;2250;37;22;;100910;;;-530;290.550000;;295.850000;;291.750000;;;5.200000;7.800000;-10;2;0.000000;;;6.0;15.5;23.200000;24.2;24.2;;;;;8;4;;;;;;;;;;;43.648833, 7.209;NICE;5;Pluie;63
7690;2018-06-04T11:00:00+02:00;101220;10;3;130;5.2;292.75;289.55;82;15000;61;Pluie;2;90;5;1250;38;22;;100920;;;-510;;;;;291.650000;;;6.300000;7.100000;-10;2;0.000000;;;-0.1;6.7;22.200000;30.9;30.9;;;;;5;6;;4;4;;;;;;;;43.648833, 7.209;NICE;3;Pluie;61
7690;2018-06-04T14:00:00+02:00;101190;-30;8;100;3.6;292.85;289.65;82;20000;3;Nuages couvrant plus de la moitié du ciel pendant toute la période considérée;2;90;6;450;38;27;;100890;;;-470;;;;;291.650000;;;6.300000;6.300000;-10;1;0.000000;;;0.0;0.2;6.900000;30.1;31.1;;;;;4;6;;3;3;;;;;;;;43.648833, 7.209;NICE;8;Nuages couvrant plus de la moitié du ciel pendant toute la période considérée;3
7690;2018-06-04T17:00:00+02:00;101090;-100;6;140;2.1;293.25;289.65;80;35000;2;Nuages couvrant plus de la moitié du ciel pendant toute la période considérée;2;75;5;450;38;27;;100790;;;-420;;;;;291.650000;;;3.300000;3.500000;-10;1;0.000000;;;0.0;-0.1;0.200000;22.4;31.1;;;;;3;6;;1;3;;;;;;;;43.648833, 7.209;NICE;6;Nuages couvrant plus de la moitié du ciel pendant toute la période considérée;2
7690;2018-06-04T20:00:00+02:00;101090;0;0;60;1.5;293.05;289.45;80;35000;3;Nuages couvrant plus de la moitié du ciel pendant toute la période considérée;2;75;6;800;38;20;10;100790;;;-300;290.650000;;294.150000;;291.650000;;;2.300000;3.600000;-10;0;0.000000;;;0.0;0.0;-0.100000;6.9;31.1;;;;;4;6;;6;6;;;;;;;;43.648833, 7.209;NICE;0;Nuages couvrant plus de la moitié du ciel pendant toute la période considérée;3
7690;2018-06-04T23:00:00+02:00;101130;40;2;250;1.8;292.35;289.95;86;35000;3;Nuages couvrant plus de la moitié du ciel pendant toute la période considérée;2;75;5;800;38;23;10;100830;;;-210;;;;;293.650000;;;2.400000;2.400000;-10;0;0.000000;;;0.0;0.0;0.000000;0.2;31.1;;;;;4;6;;6;3;;;;;;;;43.648833, 7.209;NICE;2;Nuages couvrant plus de la moitié du ciel pendant toute la période considérée;3
7690;2018-06-05T02:00:00+02:00;101100;-30;8;360;1.2;291.85;289.45;86;35000;3;Nuages couvrant plus de la moitié du ciel pendant toute la période considérée;2;90;7;800;35;;;100800;;;-290;;;;;293.650000;;;1.900000;3.000000;-10;0;0.000000;;;0.0;0.0;0.000000;-0.1;30.1;;;;;;;;;;;;;;;;;43.648833, 7.209;NICE;8;Nuages couvrant plus de la moitié du ciel pendant toute la période considérée;3
7690;2018-06-05T05:00:00+02:00;101040;-70;8;330;2.8;291.45;288.65;84;15000;1;Nuages couvrant plus de la moitié du ciel pendant toute la période considérée;2;90;6;450;35;27;;100730;;;-200;;;;;292.850000;;;3.400000;4.100000;-10;0;0.000000;;;0.0;0.0;0.000000;0.0;22.4;;;;;5;6;;5;3;;;;;;;;43.648833, 7.209;NICE;8;Nuages couvrant plus de la moitié du ciel pendant toute la période considérée;1
7690;2018-06-05T08:00:00+02:00;101070;40;3;280;2.0;292.95;288.15;74;30000;1;Nuages ne couvrant pas plus de la moitié du ciel pendant toute la période considérée;0;25;1;450;35;23;11;100770;;;-140;290.950000;;293.150000;;292.250000;;;3.000000;4.900000;-10;0;0.000000;;;0.0;0.0;0.000000;0.0;6.9;;;;;1;3;;2;0;;;;;;;;43.648833, 7.209;NICE;3;Nuages ne couvrant pas plus de la moitié du ciel pendant toute la période considérée;1
7690;2018-06-05T11:00:00+02:00;101130;60;3;140;2.8;294.55;290.35;77;30000;3;Nuages ne couvrant pas plus de la moitié du ciel pendant toute la période considérée;0;25;1;800;38;20;11;100830;;;-90;;;;;292.250000;;;3.800000;3.800000;-10;0;0.000000;;;0.0;0.0;0.000000;0.0;0.2;;;;;1;8;;2;0;;;;;;;;43.648833, 7.209;NICE;3;Nuages ne couvrant pas plus de la moitié du ciel pendant toute la période considérée;3
7690;2018-06-05T14:00:00+02:00;101090;-40;8;200;5.2;295.75;291.35;76;30000;3;Nuages ne couvrant pas plus de la moitié du ciel pendant toute la période considérée;0;40;1;800;38;20;11;100790;;;-100;;;;;292.250000;;;6.800000;6.800000;-10;0;0.000000;;;0.0;0.0;0.000000;0.0;-0.1;;;;;1;8;;3;0;;;;;;;;43.648833, 7.209;NICE;8;Nuages ne couvrant pas plus de la moitié du ciel pendant toute la période considérée;3
7690;2018-06-05T17:00:00+02:00;101070;-20;7;200;4.7;295.85;290.95;74;30000;1;Nuages ne couvrant pas plus de la moitié du ciel pendant toute la période considérée;0;50;1;450;38;20;11;100770;;;-20;;;;;292.250000;;;6.000000;8.000000;-10;0;0.000000;;;0.0;0.0;0.000000;0.0;0.0;;;;;1;8;;1;6;;4;0;;;;;43.648833, 7.209;NICE;7;Nuages ne couvrant pas plus de la moitié du ciel pendant toute la période considérée;1
7690;2018-06-05T20:00:00+02:00;101110;40;2;230;3.3;294.75;290.95;79;30000;1;Nuages couvrant plus de la moitié du ciel pendant toute la période considérée;2;90;1;;38;20;12;100810;;;20;292.950000;;296.350000;;295.950000;;;5.800000;7.300000;-10;0;0.000000;;;0.0;0.0;0.000000;0.0;0.0;;;;;1;6;;7;0;;;;;;;;43.648833, 7.209;NICE;2;Nuages couvrant plus de la moitié du ciel pendant toute la période considérée;1
7690;2018-06-05T23:00:00+02:00;101160;50;1;250;1.8;293.25;290.65;85;30000;2;Nuages couvrant plus de la moitié du ciel pendant toute la période considérée;2;90;1;;35;20;12;100860;;;30;;;;;294.450000;;;2.300000;4.200000;-10;0;0.000000;;;0.0;0.0;0.000000;0.0;0.0;;;;;7;0;;;;;;;;;;;43.648833, 7.209;NICE;1;Nuages couvrant plus de la moitié du ciel pendant toute la période considérée;2
7690;2018-06-06T02:00:00+02:00;101200;40;3;320;2.9;292.35;289.05;81;30000;2;Nuages couvrant plus de la moitié du ciel pendant toute la période considérée;2;90;1;;35;20;12;100900;;;100;;;;;293.350000;;;3.500000;3.500000;-10;0;0.000000;;;0.0;0.0;0.000000;0.0;0.0;;;;;7;0;;;;;;;;;;;43.648833, 7.209;NICE;3;Nuages couvrant plus de la moitié du ciel pendant toute la période considérée;2
7690;2018-06-06T05:00:00+02:00;101230;20;3;330;3.6;292.15;287.65;75;30000;2;Nuages couvrant plus de la moitié du ciel pendant toute la période considérée;2;90;2;;35;23;;100920;;;190;;;;;292.750000;;;5.000000;5.000000;-10;0;0.000000;;;0.0;0.0;0.000000;0.0;0.0;;;;;7;3;;;;;;;;;;;43.648833, 7.209;NICE;3;Nuages couvrant plus de la moitié du ciel pendant toute la période considérée;2
7690;2018-06-06T08:00:00+02:00;101290;70;3;340;2.9;293.15;287.95;72;30000;2;Nuages couvrant plus de la moitié du ciel pendant toute la période considérée;2;90;2;;35;23;;100990;;;220;291.350000;;294.750000;;292.550000;;;3.700000;5.100000;-10;0;0.000000;;;0.0;0.0;0.000000;0.0;0.0;;;;;7;3;;;;;;;;;;;43.648833, 7.209;NICE;3;Nuages couvrant plus de la moitié du ciel pendant toute la période considérée;2
7690;2018-06-06T11:00:00+02:00;101430;140;1;80;1.7;294.55;291.35;82;20000;2;Nuages couvrant plus de la moitié du ciel pendant toute la période considérée;2;90;2;450;35;23;;101130;;;300;;;;;292.550000;;;2.300000;2.600000;-10;0;0.000000;;;0.0;0.0;0.000000;0.0;0.0;;;;;4;6;;7;3;;;;;;;;43.648833, 7.209;NICE;1;Nuages couvrant plus de la moitié du ciel pendant toute la période considérée;2
7690;2018-06-06T14:00:00+02:00;101470;40;1;150;3.6;294.65;291.25;81;15000;21;Nuages couvrant plus de la moitié du ciel pendant toute la période considérée;2;90;4;450;35;23;;101170;;;380;;;;;292.550000;;;4.500000;5.000000;-10;1;0.000000;;;0.0;2.4;2.400000;2.4;2.4;;;;;4;6;;7;3;;;;;;;;43.648833, 7.209;NICE;1;Nuages couvrant plus de la moitié du ciel pendant toute la période considérée;21
7690;2018-06-06T17:00:00+02:00;101490;20;3;120;4.5;293.95;290.55;81;12000;15;Nuages couvrant plus de la moitié du ciel pendant toute la période considérée;2;90;4;250;32;23;;101190;;;420;;;;;292.550000;;;5.600000;8.800000;-10;1;0.000000;;;-0.1;-0.1;2.400000;2.4;2.4;;;;;2;8;;4;6;;7;3;;;;;43.648833, 7.209;NICE;3;Nuages couvrant plus de la moitié du ciel pendant toute la période considérée;15
7690;2018-06-06T20:00:00+02:00;101490;0;5;80;3.5;294.05;290.65;81;30000;21;Nuages couvrant plus de la moitié du ciel pendant une partie de la période considérée et couvrant la moitié du ciel, ou moins, pendant l’autre partie;1;60;5;450;39;20;10;101190;;;380;293.150000;;295.350000;;293.450000;;;4.600000;5.200000;-10;1;0.000000;;;0.0;-0.1;-0.100000;2.4;2.4;;;;;5;6;;1;9;;;;;;;;43.648833, 7.209;NICE;5;Nuages couvrant plus de la moitié du ciel pendant une partie de la période considérée et couvrant la moitié du ciel, ou moins, pendant l’autre partie;21
7690;2018-06-06T23:00:00+02:00;101640;140;3;340;2.5;292.65;290.75;89;30000;2;Nuages ne couvrant pas plus de la moitié du ciel pendant toute la période considérée;0;50;2;800;38;20;11;101330;;;470;;;;;292.950000;;;3.300000;3.300000;-10;1;0.000000;;;0.0;0.0;-0.100000;2.4;2.4;;;;;2;6;;3;0;;;;;;;;43.648833, 7.209;NICE;3;Nuages ne couvrant pas plus de la moitié du ciel pendant toute la période considérée;2
